virtualMachineId;Name;HostName
1D4D83C3-B453-430B-9EE3-003767476280;AOFVPSSubs-166.54;CPS0001
C949A3F4-1247-46DB-8272-025C2EBC7C1A;AOFVPSSubs-167.54;CPS0001
7CF85797-B3D0-42A0-A39F-049469F227C2;AOFVPSSubs-168.213;CPS0001
A7DAFADB-65A2-4ACC-B51F-04D309E8455B;AOFVPSSubs-167.86;CPS0001
3DE9A790-3CEF-482F-8267-04F432C964C3;AOFVPSSubs-167.41;CPS0001
B469AAAE-D148-4F90-8EAA-05049A47855D;AOFVPSSubs-166.128;CPS0001
35BD4E46-189B-476B-A733-05556B81511E;AOFVPSSubs-166.249;CPS0001
0B104978-78D4-4AAC-AE29-057B29572B6B;AOFVPSSubs-168.82;CPS0001
4BF019AB-0F60-40B3-968E-067E0F27E902;AOFVPSSubs-167.60;CPS0001
F71F3178-7B55-485D-A8B3-07A5388AE033;AOFVPSSubs-168.37;CPS0001
846E4515-4B00-4670-B0A3-07E1585EED7B;AOFVPSSubs-167.218;CPS0001
A507DB0F-DCDD-4473-9499-08C36CF717C2;AOFVPSSubs-167.32;CPS0001
4D8B4453-1B33-4C6F-BABA-08EF1E54E1EA;AOFVPSSubs-166.178;CPS0001
B71D15AC-BFD6-4142-B830-0ABC8808DBBA;AOFVPSSubs-165.229;CPS0001
61E63BC5-52DD-43AA-9F2A-0ABD2523E753;AOFVPSSubs-168.92;CPS0001
E2D46EF2-A945-4AA6-8AC0-0B1C2719A4CF;AOFVPSSubs-168.21;CPS0001
65126626-A209-4A16-BB62-0C25E860BF00;AOFVPSSubs-167.87;CPS0001
3596F948-387D-438B-8709-0C6D69F2AF07;AOFVPSSubs-166.230;CPS0001
C2BE9092-342E-43E3-BAFD-0D6131915667;AOFVPSSubs-168.206;CPS0001
504297FD-3FFC-4361-9012-0D6B817B804F;AOFVPSSubs-166.31;CPS0001
A65D24A3-3C6E-4ECE-812B-0DE3A5E1477F;AOFVPSSubs-168.210;CPS0001
CCF4C881-756C-45EB-B2CE-0DE515CB98CC;AOFVPSSubs-167.64;CPS0001
C12742BE-239F-4DA6-995A-0EE4B33569D4;AOFVPSSubs-167.62;CPS0001
FB22B9B4-E7F5-4D19-BDDF-100EEF6513A7;AOFVPSSubs-168.36;CPS0001
FF0595DF-70F1-45F8-A6CC-10694A718CEB;AOFVPSSubs-166.221;CPS0001
30203193-AD88-4C19-83BD-10D0D09AA994;AOFVPSSubs-167.40;CPS0001
BE2C4D57-7B69-4F8A-81CD-117737B67487;AOFVPSSubs-163.128;CPS0001
6F7ADF8C-9A2C-4162-A23A-11C417B83383;AOFVPSSubs-165.15;CPS0001
DBEF0B05-5A4F-421E-8BF0-11F8097EFA33;AOFVPSSubs-168.101;CPS0001
5804A640-6B76-40B1-92D0-121F1806AD3E;AOFVPSSubs-168.94;CPS0001
FC347A08-8B0F-4FC3-80AD-12B68325F09E;AOFVPSSubs-167.103;CPS0001
00433D3B-F921-4C47-AFDB-13B5A21B2D59;AOFVPSSubs-167.219;CPS0001
04BC92FD-8EC7-46F6-8E19-13EF01026B6D;AOFVPSSubs-163.247;CPS0001
02074F3D-24A3-4559-B538-149555C1A114;AOFVPSSubs-168.59;CPS0001
0D4D8315-B2B9-4CD0-9F37-151D1B9E80D9;AOFVPSSubs-166.195;CPS0001
038E7C11-A412-42A4-81AF-159AE77AA316;AOFVPSSubs-167.21;CPS0001
7EEDF007-2F63-42CB-8DDC-15B460AF5E90;AOFVPSSubs-167.93;CPS0001
CD7ADC0E-FE46-4356-81B8-15C325527389;AOFVPSSubs-167.123;CPS0001
EB37B4A6-0D3C-4143-856C-16157D6DFAE2;AOFVPSSubs-168.120;CPS0001
A4588B90-F812-4AEA-B874-17098ED4CC12;AOFVPSSubs-167.13;CPS0001
FF237651-4676-4340-8E67-174CB1F29314;AOFVPSSubs-166.103;CPS0001
3193E2DA-0302-4709-94C9-17921A853288;AOFVPSSubs-165.191;CPS0001
0B54CE64-C875-4B75-B801-17F99C073641;AOFVPSSubs-168.51;CPS0001
5AA84619-1BD5-49EB-AA6D-183E2A75F38C;AOFVPSSubs-165.109;CPS0001
ED7ADF67-FE36-425F-B2DF-187D719FCC72;AOFVPSSubs-166.23;CPS0001
DA87AD0A-87AD-400A-9811-188A328C2447;AOFVPSSubs-166.197;CPS0001
36292F00-EB38-483F-B221-18B07B4A6B96;AOFVPSSubs-165.146;CPS0001
8BEB8586-978D-4472-AD12-18E32BF6F1A2;AOFVPSSubs-168.205;CPS0001
E7B0357E-2E4F-4762-9F8D-1954FD9AF85E;AOFVPSSubs-165.161;CPS0001
F14AAB3A-EBEF-4912-A8D2-19B2E98C3798;AOFVPSSubs-168.87;CPS0001
7E5E29C8-1344-4CD7-AAF4-1AA9852528DB;AOFVPSSubs-167.125;CPS0001
4380D107-E5E4-4EED-851B-1B4E3C45920B;AOFVPSSubs-162.87;CPS0001
B2B63F76-A860-46C9-99EF-1C1D24958EC6;AOFVPSSubs-168.143;CPS0001
1C0A1B86-6C86-4073-9DED-1C9E6BEC28EF;AOFVPSSubs-162.57;CPS0001
933262A5-2A6E-47A2-B622-1CEEF8F22C77;AOFVPSSubs-165.54;CPS0001
60CACF3D-EAA1-4897-A53E-1D3E0B962067;AOFVPSSubs-166.68;CPS0001
06106D3A-8811-43E7-BE74-1DB257286C71;AOFVPSSubs-168.238;CPS0001
8D0CC0FC-3B68-42F3-A833-1E5E789F7D31;AOFVPSSubs-167.183;CPS0001
80A29460-B292-400D-A998-1F2628D70B67;AOFVPSSubs-165.81;CPS0001
3C972390-02F9-4ABF-93BE-200C44E5142D;AOFVPSSubs-165.220;CPS0001
2EB4DB6F-4023-4494-95B1-2083C179EB6A;AOFVPSSubs-162.90;CPS0001
81852E5A-107B-4034-AF3E-20FB1C1AC37E;AOFVPSSubs-168.130;CPS0001
5B35004C-3829-46ED-96F1-22AA6F897315;AOFVPSSubs-167.34;CPS0001
638DB7CF-C1D9-4B10-A28F-22C7744AA67B;AOFVPSSubs-165.217;CPS0001
ED0A15B0-C535-47A0-B580-258C2DF90980;AOFVPSSubs-168.31;CPS0001
D468EDC5-C85B-490A-9EAA-25D547882AE5;AOFVPSSubs-162.158;CPS0001
2DE77F27-523C-43C1-A761-265BEE2C0D89;AOFVPSSubs-167.231;CPS0001
B6C5E1E5-EDA6-4CB6-917E-26F04B190227;AOFVPSSubs-168.141;CPS0001
9191D4E8-8005-4628-8C7B-27034170A599;AOFVPSSubs-168.142;CPS0001
BB229F7B-9788-46C7-BE9B-27411B7917A0;AOFVPSSubs-165.128;CPS0001
826DEE4A-4810-48E2-AB6B-276785240B1E;AOFVPSSubs-165.182;CPS0001
F169E860-1ECF-4B96-8614-27943F95DEA5;AOFVPSSubs-168.223;CPS0001
6292B47A-9126-466A-9547-27C95078C301;AOFVPSSubs-165.154;CPS0001
8AB8C9DC-8CF8-4B3F-9B76-281F20831F0E;AOFVPSSubs-168.19;CPS0001
E8743FAC-F16A-4947-BE2D-28FA4FE2845D;AOFVPSSubs-166.10;CPS0001
45FC06B8-3C24-4D9F-AA52-29183C32A3E1;AOFVPSSubs-161.254;CPS0001
16F5A2CA-0EC3-4A4E-9BF9-29203EEBA31A;AOFVPSSubs-166.228;CPS0001
16A1AF4C-C1CB-430E-B216-292740ED27EA;AOFVPSSubs-167.143;CPS0001
F02E00E7-A50C-49A0-AD94-29C698C49B4D;AOFVPSSubs-166.50;CPS0001
7055F6D9-832E-49F8-A40C-29E48A0FB69F;AOFVPSSubs-166.205;CPS0001
EC72E9E5-DE3E-4480-9320-2A8ABD6D2077;AOFVPSSubs-168.166;CPS0001
303A30E0-4ED5-4381-AF1C-2B7BAC984FE7;AOFVPSSubs-168.199;CPS0001
0ABDEF45-CF56-4B8D-A2DD-2C4636AA5698;AOFVPSSubs-167.228;CPS0001
FC991020-D744-4EA5-A229-2DC2020603BE;AOFVPSSubs-168.207;CPS0001
C7988CB6-6B64-4777-A62B-2E4EF7EB7896;AOFVPSSubs-168.24;CPS0001
B0FD498C-034C-4D69-A6A3-2FA894A98051;AOFVPSSubs-167.230;CPS0001
8A7F1E1E-08D3-484A-BE35-2FDCBBE6B01E;AOFVPSSubs-163.202;CPS0001
31BF11B2-081C-4D53-A9CE-302491AB51FA;AOFVPSSubs-166.190;CPS0001
DE1BF85E-F09C-4D56-9367-302FA553DFA9;AOFVPSSubs-167.110;CPS0001
3F61D804-E8CF-40C5-9186-30E5CA313D93;AOFVPSSubs-161.167;CPS0001
1A6FFB12-865E-4BB6-9E24-30E5EC7CB967;AOFVPSSubs-165.24;CPS0001
97352E37-8B25-43B3-815E-318BEA24CC07;AOFVPSSubs-166.71;CPS0001
9F4A142A-651F-4DA3-B6F2-319A6DC75B05;AOFVPSSubs-168.85;CPS0001
09BB66FE-4AA4-41E0-86CF-3242B47353A8;AOFVPSSubs-168.30;CPS0001
6E6AB7B0-F688-4E71-8864-32BC3F9BD71B;AOFVPSSubs-168.231;CPS0001
BB80FF9A-4F9C-4B01-83A4-32F28D42B248;AOFVPSSubs-168.151;CPS0001
D650E4DC-4255-4B31-9C35-339A04FF68A2;AOFVPSSubs-165.76;CPS0001
F974F632-ED55-4300-9504-33E28B2AAE44;AOFVPSSubs-165.187;CPS0001
64761BD5-84E8-45D6-87AF-35799DDB5D6D;AOFVPSSubs-168.209;CPS0001
31B38AF4-42BE-4B70-848B-35EC3A6D6793;AOFVPSSubs-168.28;CPS0001
817BCCA8-109C-4540-84B0-36212D58FD7B;AOFVPSSubs-165.8;CPS0001
AA58659F-D490-484A-8A01-3621AEA15015;AOFVPSSubs-166.70;CPS0001
9D997F3A-2866-4131-A8F1-370894805F11;AOFVPSSubs-166.27;CPS0001
93C7EFFE-5D4D-41D1-B3E9-372AFC900D56;AOFVPSSubs-167.80;CPS0001
40215CC0-AD5C-4890-8A7E-37D530B80660;AOFVPSSubs-168.41;CPS0001
C95E65E5-0124-47E7-AF02-37E04C5C5538;AOFVPSSubs-165.222;CPS0001
0444F0A3-6B32-4481-B1D6-37E09A64991E;AOFVPSSubs-167.63;CPS0001
6730C679-86B2-467B-B8A1-39FEA5C7B416;AOFVPSSubs-165.156;CPS0001
D57082EB-F9FB-40FD-9C40-3A11098C0C7D;AOFVPSSubs-167.119;CPS0001
E35E9907-2452-462E-B1AF-3B11BB9C0B01;AOFVPSSubs-167.58;CPS0001
32891676-5326-4B88-992F-3B29BCC5EEB2;AOFVPSSubs-165.174;CPS0001
57BF893D-5A7F-4E4F-A76D-3BD483042980;AOFVPSSubs-165.126;CPS0001
D5F10851-4DF7-4504-814C-3E050A2B2016;AOFVPSSubs-168.35;CPS0001
D64D5A13-B3E0-4ABB-BFB7-3E8A24C0C45A;AOFVPSSubs-165.180;CPS0001
9407DE70-474B-4EDC-94B5-3EB13A052A3F;AOFVPSSubs-167.78;CPS0001
5206C485-8EBC-40AF-9ACF-3F2CC33CAB4B;AOFVPSSubs-168.127;CPS0001
72E74906-33A6-46F3-9088-3F3FAB9ACB1A;AOFVPSSubs-167.175;CPS0001
3A1DA491-62AF-428D-8C2D-4036A7BE4A86;AOFVPSSubs-165.221;CPS0001
1EE555C4-0BD5-40DF-976E-407628CE7429;AOFVPSSubs-166.9;CPS0001
3D07498B-30F4-4015-8D6A-409E409A1383;AOFVPSSubs-167.116;CPS0001
97C4BF89-8C75-40AE-BE5A-40ABF7ABE9D8;AOFVPSSubs-167.77;CPS0001
80FC1494-C194-4843-9DE0-41824CDA21C5;AOFVPSSubs-167.53;CPS0001
699089C0-7F47-44D1-A21E-41BCB7539FB4;AOFVPSSubs-166.254;CPS0001
291DA0C8-BB47-46DC-9D80-41BDEE9BE347;AOFVPSSubs-167.195;CPS0001
7F912E8F-4748-4CBC-99FA-426D113F3E6F;AOFVPSSubs-168.220;CPS0001
3994CA37-F092-4FCF-9C3E-429491AFB403;AOFVPSSubs-167.66;CPS0001
1D9E5E4D-BD67-410B-8344-439F557BDD5D;AOFVPSSubs-167.73;CPS0001
CF6D1C23-0E5C-46F7-876C-43F0009F4FC0;AOFVPSSubs-167.56;CPS0001
2DEEA030-B09F-410F-96C1-448046526E0A;AOFVPSSubs-168.88;CPS0001
A3C2E94E-A3E5-4164-A5EB-458485BA4466;AOFVPSSubs-168.227;CPS0001
A71C1484-C238-4C81-BED8-46154AA52EA8;AOFVPSSubs-167.118;CPS0001
731E7E6D-BDA3-4ADB-AB9D-468700F2573A;AOFVPSSubs-166.124;CPS0001
4E104B3D-F280-4A98-B579-488AB5C3A7CB;AOFVPSSubs-168.214;CPS0001
66AD8571-BB67-461A-8FD6-4B6FA61FF2A0;AOFVPSSubs-167.39;CPS0001
8FE43126-8B09-4A17-A8CA-4B981F95A5CD;AOFVPSSubs-162.191;CPS0001
FA7E8879-0F4E-4F3A-BB39-4C234DA7DD86;AOFVPSSubs-166.39;CPS0001
60054FE2-4EAA-436C-BDCD-4C377B549900;AOFVPSSubs-167.187;CPS0001
F322AC16-8C0C-4451-BAE5-4C497BC865E4;AOFVPSSubs-163.10;CPS0001
67AB9E98-47F0-4256-80C0-4CCF8FE99B61;AOFVPSSubs-168.164;CPS0001
91316829-4974-4C21-9184-4F8E4293259B;AOFVPSSubs-168.29;CPS0001
36598D8D-6BE5-457F-B48D-4FA4F0FAAA59;AOFVPSSubs-167.161;CPS0001
13BCD925-B1CB-4F8F-918C-5047ED58A27B;AOFVPSSubs-168.160;CPS0001
9F192270-3C32-4C71-A409-50DC3A389A5C;AOFVPSSubs-167.95;CPS0001
B6AB2A77-7D28-4B3C-826E-51D8FD38E1FF;AOFVPSSubs-168.162;CPS0001
01A335CA-1C56-4FEE-8566-526F4984C409;AOFVPSSubs-165.190;CPS0001
0E8A8495-4AF0-45BA-B8D0-52789C610D7B;AOFVPSSubs-166.233;CPS0001
69C8FA3A-FB73-475A-AE12-529B6F2C2536;AOFVPSSubs-166.123;CPS0001
85E4C9DF-C882-45A1-94C0-52BA565C419D;AOFVPSSubs-168.201;CPS0001
3A47AD6B-0C5A-4C0C-B4A4-5312F5306C88;AOFVPSSubs-161.194;CPS0001
766D3465-8483-4CFC-A5A4-5457F9DC2D87;AOFVPSSubs-168.146;CPS0001
E4E41CB5-16BE-45EF-93C4-54A8D566B491;AOFVPSSubs-168.17;CPS0001
6DA12F85-AF0B-4364-A7F8-5583B585AC5E;AOFVPSSubs-167.30;CPS0001
9637C907-D323-4E5A-BAA5-5621A054DCCC;AOFVPSSubs-167.33;CPS0001
8545398E-01FC-4FF1-B380-563711ED0E5F;AOFVPSSubs-167.85;CPS0001
92B8F8F0-C381-4D04-BBE9-56F66D4F29BD;AOFVPSSubs-168.253;CPS0001
25CBE2CE-4952-419D-A54A-5776FA3B0277;AOFVPSSubs-165.138;CPS0001
5800E0F8-CB31-4EEC-A3B6-57A094B335A3;AOFVPSSubs-167.25;CPS0001
44ED26AD-7E74-43AF-A5D0-57C7B67C93D9;AOFVPSSubs-167.128;CPS0001
43886783-15B0-426E-99FD-57DBC9DEBED0;AOFVPSSubs-161.169;CPS0001
693C0D39-B6A0-4107-9124-59448083545E;AOFVPSSubs-168.237;CPS0001
6E5F5528-02C2-441C-A35A-595CF7ABB116;AOFVPSSubs-167.173;CPS0001
851D33B3-F00D-4FF1-B47A-5AC036D711E7;AOFVPSSubs-165.150;CPS0001
76E1CA8C-060B-4CEC-9E6C-5AC1C1876808;AOFVPSSubs-167.120;CPS0001
0DC1809A-C9B6-4268-8B4A-5B0766A38268;AOFVPSSubs-167.247;CPS0001
F239C1C4-0E32-4EDF-9BE9-5C931B028799;AOFVPSSubs-166.148;CPS0001
58ED6CD1-34A5-441F-9C3D-5C9553F61AF6;AOFVPSSubs-168.18;CPS0001
BB4A3DEB-3B02-49BD-A3D9-5D065D9A7809;AOFVPSSubs-168.176;CPS0001
8975353C-82B5-4C35-870F-5D13542A96BE;AOFVPSSubs-167.211;CPS0001
6CA525C4-0251-4CDF-99CA-5D2BE9B5ED14;AOFVPSSubs-166.28;CPS0001
E0ADCD4F-1EE7-4FD0-A4B2-5F85D59230A4;AOFVPSSubs-166.191;CPS0001
4DE1D79A-00A6-40C2-A7E2-5FCC5E9A5A52;AOFVPSSubs-167.79;CPS0001
21E3D0F9-2533-47BA-8D6A-5FF4420A0C55;AOFVPSSubs-168.122;CPS0001
52F974D5-7AB8-48B4-9BB4-605AE8227C9C;AOFVPSSubs-166.152;CPS0001
12F17631-E0AC-4F76-A8F8-60BA35CDBDFC;AOFVPSSubs-166.235;CPS0001
516C65AE-EE54-47C3-823D-61684DAC3C4A;AOFVPSSubs-167.65;CPS0001
F84A9696-DE0D-47F8-BEF3-6360C82D7587;AOFVPSSubs-166.125;CPS0001
C3EA7236-7287-48E1-9F09-6366C59D02A9;AOFVPSSubs-168.230;CPS0001
E692F6B2-54FB-4931-998B-63B8EFFD8AE1;AOFVPSSubs-167.139;CPS0001
641B93C0-A085-41EE-A6C5-63DB6C92170B;AOFVPSSubs-168.250;CPS0001
51DBA656-7F47-4840-82DE-6419583BF2A0;AOFVPSSubs-162.198;CPS0001
4417967B-B6FE-4586-9D95-64A5CFADBF81;AOFVPSSubs-166.248;CPS0001
57C7327E-7D22-42E3-BB56-65BB0ECA7DB2;AOFVPSSubs-162.119;CPS0001
C00F8ED7-9CA1-4951-9016-6637D415FF3F;AOFVPSSubs-166.250;CPS0001
047D7D46-3D5C-4CD2-AC99-66B0CDAC2E80;AOFVPSSubs-166.193;CPS0001
071BA1B6-D65E-4D18-B0F3-676854BB7BB9;AOFVPSSubs-168.254;CPS0001
6A7AD4FA-4BF8-47D7-9E39-6797FF66A820;AOFVPSSubs-161.113;CPS0001
FA5BE6CD-460D-42EF-9559-67B8F715C849;AOFVPSSubs-166.122;CPS0001
68F3957F-553B-44D9-B569-689FB63B9FBF;AOFVPSSubs-168.103;CPS0001
334B2907-D190-4E91-9516-68CFD479EEF7;AOFVPSSubs-166.210;CPS0001
60CB59EE-9FA5-4F0A-A8C7-6931689CF8CB;AOFVPSSubs-165.141;CPS0001
86CC4F00-F54E-45EA-B4D8-697C4EB3C10E;AOFVPSSubs-165.62;CPS0001
6CF0EE28-44D8-4E4F-BA8A-69A51C4AC7DB;AOFVPSSubs-162.41;CPS0001
FB3A6AAE-1B43-4256-8A5D-6A4615195AE1;AOFVPSSubs-165.192;CPS0001
1812EBB5-BA27-4741-8D68-6B1122480356;AOFVPSSubs-165.3;CPS0001
03C99B04-BFCE-4F48-B27C-6B8D3D71D8FF;AOFVPSSubs-162.251;CPS0001
3B475785-8D9F-471D-8995-6C29F21571A1;AOFVPSSubs-161.150;CPS0001
0A86A5C0-4B32-4068-90F6-6C557FE8AE2C;AOFVPSSubs-168.228;CPS0001
736F7AFA-CD7B-44BD-A6BE-6C6CF4A87891;AOFVPSSubs-167.107;CPS0001
95961A1E-AE00-425D-A7EA-6CACFDA02FF7;AOFVPSSubs-166.199;CPS0001
A5EC1834-8409-4212-8110-6CD8353700DF;AOFVPSSubs-165.209;CPS0001
8CAA27A9-F080-4BE8-9BD3-6CF8E69284E8;AOFVPSSubs-166.98;CPS0001
FB63C515-A92A-4641-AD18-6D8A96C4FDEC;AOFVPSSubs-165.142;CPS0001
9F15EE27-CC00-4F40-864B-6F056E23E250;AOFVPSSubs-165.35;CPS0001
FD1AF1C6-D7DB-4D01-97FD-6F0F027D36CD;AOFVPSSubs-163.203;CPS0001
EE70C31A-BE49-47A4-A17E-6F41FA0F6871;AOFVPSSubs-168.251;CPS0001
EB2FB52B-9203-4C32-A309-6FA6AFCCA397;AOFVPSSubs-166.159;CPS0001
DCC57307-E4FC-440D-A23E-70137ADAC774;AOFVPSSubs-167.74;CPS0001
AB5F27F2-05D4-45FA-89C4-70205ED0BC1E;AOFVPSSubs-167.157;CPS0001
665FF007-B514-4645-9624-70A777A03ADD;AOFVPSSubs-167.20;CPS0001
36DFAFC9-323E-42BA-A286-70B0E30F0D73;AOFVPSSubs-168.99;CPS0001
97EF0DA5-0E62-4922-9AC6-70D1ADD9F011;AOFVPSSubs-167.35;CPS0001
48F7C0AA-A886-48EA-8DE6-7146F7C97330;AOFVPSSubs-166.185;CPS0001
4A6EF878-6A71-4575-A66C-72378A6705A6;AOFVPSSubs-167.44;CPS0001
E3CB0BA5-2358-4323-8F87-7244B9E27580;AOFVPSSubs-167.17;CPS0001
925FB6EE-A30B-4723-8440-724DCC54BA39;AOFVPSSubs-168.13;CPS0001
A1C612D0-2AB0-4CFA-AD0B-726F6B20AEDB;AOFVPSSubs-166.7;CPS0001
314107FF-621C-410D-8483-73044EE611AB;AOFVPSSubs-167.109;CPS0001
C8A3FED1-1B11-43CC-92AF-7321A69F39B3;AOFVPSSubs-161.154;CPS0001
9268A11D-A033-4D55-B562-737E7830167B;AOFVPSSubs-166.147;CPS0001
2A283E39-77DF-4436-8738-73CDA4381CA2;AOFVPSSubs-161.207;CPS0001
79365753-08CA-4894-86D1-73E3DEE15CE2;AOFVPSSubs-166.215;CPS0001
4B2DD60A-0A47-4AD2-A912-7403032CE12A;AOFVPSSubs-161.90;CPS0001
060CD865-3D7D-4357-89E4-7414D0DF4F23;AOFVPSSubs-167.3;CPS0001
71EB8A87-8DA5-4317-8D9F-743C04CA1222;AOFVPSSubs-168.86;CPS0001
5D26640D-A2EF-4707-85EB-745948F0A76F;AOFVPSSubs-168.215;CPS0001
3F35A820-3E79-4988-959E-750BFEFACA95;AOFVPSSubs-166.194;CPS0001
A7F6D142-2AEF-4A97-97E0-766729D72B58;AOFVPSSubs-165.48;CPS0001
C231CFE3-B2BE-43A2-91FD-76906A9BD019;AOFVPSSubs-165.155;CPS0001
854F45B8-238A-475C-918F-781F755DE0E0;AOFVPSSubs-167.200;CPS0001
CC20879A-4357-4E2B-99DF-7847F3857E56;AOFVPSSubs-166.51;CPS0001
7A6E8000-48EC-4730-B796-7894027BF615;AOFVPSSubs-165.127;CPS0001
B195B11D-3421-4431-A7F1-79C65FB0432E;AOFVPSSubs-168.7;CPS0001
716C813F-318D-4094-B50E-79D100A0E9A7;AOFVPSSubs-167.225;CPS0001
A54642AD-4194-4856-81DA-79D1D9BF3284;AOFVPSSubs-165.197;CPS0001
A9E42FE9-E7A0-4474-951B-7A09B127E5AA;AOFVPSSubs-166.73;CPS0001
BCF349AB-86A7-4A69-9A26-7BA36AEBDD73;AOFVPSSubs-167.133;CPS0001
C059D111-8633-4EE2-BC16-7C4DB155E466;AOFVPSSubs-168.178;CPS0001
EBB78FB3-B403-4401-9561-7C96A81EE490;AOFVPSSubs-168.45;CPS0001
D4BC40BD-E507-4B50-A54E-7CE52E4D9C66;AOFVPSSubs-166.11;CPS0001
BF023632-603F-4A8B-AE08-7D1B9501F60A;AOFVPSSubs-167.131;CPS0001
D8F2C6A0-6658-487C-81C5-7D5921AF652C;AOFVPSSubs-168.62;CPS0001
D71BA8E6-E83E-4523-A158-7E7B3D1333DF;AOFVPSSubs-167.151;CPS0001
5670C6B1-5029-41C6-9E93-7EAFB25E1F7B;AOFVPSSubs-165.124;CPS0001
1D5B0E88-D6F0-419A-9322-80193EFE62AD;AOFVPSSubs-167.23;CPS0001
FC543265-A318-4CAE-827B-80573602348C;AOFVPSSubs-166.157;CPS0001
F0AF29DF-2829-4E01-8F80-807CA77DD729;AOFVPSSubs-166.88;CPS0001
54884C7E-DA47-40A9-9ACE-8096B29EAF09;AOFVPSSubs-166.206;CPS0001
C2047B6B-ACEA-40C8-A3A3-80CB4F382A7A;AOFVPSSubs-168.107;CPS0001
CB87C043-29E5-4A44-83F5-818874C6B932;AOFVPSSubs-168.52;CPS0001
245E8E01-3F45-4249-ACD5-81F90547AF50;AOFVPSSubs-168.193;CPS0001
47E20A22-D1AB-4FB4-876D-828D18C8F488;AOFVPSSubs-167.92;CPS0001
401E8D57-7B0B-42BA-B57D-82A9B63F874E;AOFVPSSubs-168.123;CPS0001
09E8D02B-2A5D-4129-9D99-844565DB336D;AOFVPSSubs-168.6;CPS0001
A745E808-5977-4266-8CCB-8564A79FBA4E;AOFVPSSubs-161.145;CPS0001
4E5035AD-6135-4990-B929-860B7B2F9721;AOFVPSSubs-168.93;CPS0001
2FDCC8F6-A9B5-464B-96F2-8649CD9354D2;AOFVPSSubs-167.108;CPS0001
8C7CA3C9-F6E2-4CCD-9DAB-8805BC45ECC6;AOFVPSSubs-166.67;CPS0001
8D8CB5BF-D70C-4D9C-AE4F-882E7FD582B4;AOFVPSSubs-167.49;CPS0001
A02A4DD1-792A-40C7-A30E-892EE3AB11B9;AOFVPSSubs-166.149;CPS0001
8E793AB6-EF00-4711-901D-897F55331CC3;AOFVPSSubs-167.153;CPS0001
81185F62-0B73-49F3-8CC1-89CAC0E7ACC7;AOFVPSSubs-168.167;CPS0001
327641D9-07F7-4635-B571-89D336FF2B3B;AOFVPSSubs-167.142;CPS0001
FF7FE665-D605-4CD4-8984-8A6085D19D12;AOFVPSSubs-166.173;CPS0001
E9517627-F9C2-4004-9095-8AB4D6D97CE9;AOFVPSSubs-166.161;CPS0001
5A471249-3CD6-4BD8-BC03-8BBF9954F812;AOFVPSSubs-161.231;CPS0001
6347531E-8237-427E-B745-8C32FFA68B48;AOFVPSSubs-166.251;CPS0001
C8C37E34-E424-46D4-AB96-8C93F8D76E87;AOFVPSSubs-166.44;CPS0001
9ABEB988-0DB1-478A-B313-8CBFA22D4A3F;AOFVPSSubs-166.22;CPS0001
0BDADE41-FBEB-4E8F-8D8A-8CD2BF87009E;AOFVPSSubs-168.76;CPS0001
7E0CD4F3-62AA-4E26-A239-8D6C18871A37;AOFVPSSubs-167.114;CPS0001
B9120792-1DB8-4997-BF3E-8E2816BEBA4D;AOFVPSSubs-168.157;CPS0001
3F6C182D-0065-4B04-96E1-8EA35EEB6994;AOFVPSSubs-168.240;CPS0001
DB67A051-DA1E-4C92-8EF5-8EAC140F3D8C;AOFVPSSubs-167.156;CPS0001
13758565-D756-43B3-9513-8F745505C97A;AOFVPSSubs-166.96;CPS0001
C2DA3A78-0925-498A-BF0E-8FB320EEEEDA;AOFVPSSubs-166.158;CPS0001
DBB18A60-A465-4FBD-9AAD-90306B850F70;AOFVPSSubs-168.155;CPS0001
E09D3BE9-9CB9-48C1-A67F-903C151FE86B;AOFVPSSubs-166.58;CPS0001
54D5536E-9060-4B5E-A177-90C13261D08B;AOFVPSSubs-163.208;CPS0001
B1AB0690-D4F8-41F4-9A68-90F60BC44220;AOFVPSSubs-165.4;CPS0001
45CA0FB2-7CC5-49E4-A730-9103B873BA57;AOFVPSSubs-161.2;CPS0001
F0FA77AA-BB86-4A9B-A7D5-911266127585;AOFVPSSubs-168.136;CPS0001
17D8E57B-B09D-422E-AC55-914055055489;AOFVPSSubs-166.60;CPS0001
B2DEE11A-D4F2-4D71-AE8D-917D344BB0D8;AOFVPSSubs-167.226;CPS0001
CC3C6743-A06B-4D0A-B998-920D369931D1;AOFVPSSubs-166.165;CPS0001
71D1B157-8DF2-405D-9399-9256CC0B020D;AOFVPSSubs-162.171;CPS0001
4E3C9866-D95C-48EC-960E-92667F5446A1;AOFVPSSubs-167.84;CPS0001
65F83AD6-0837-4CD9-B9DF-92888C753F0A;AOFVPSSubs-167.217;CPS0001
F14758C2-A79F-4166-9205-92F073E64B4C;AOFVPSSubs-167.37;CPS0001
6B87FCE3-5179-4BF8-AAB3-930E47585C0B;AOFVPSSubs-161.252;CPS0001
E4558872-DAFB-44AB-A728-943F0D929BF6;AOFVPSSubs-168.39;CPS0001
8069B085-1590-478B-A502-94418F4DB3FC;AOFVPSSubs-166.82;CPS0001
70538285-B110-4B8F-BCA3-96CFC9D9EBE1;AOFVPSSubs-167.18;CPS0001
E56A556A-5F86-40CD-A4A3-970E1E4A2D35;AOFVPSSubs-167.36;CPS0001
E95B369A-FD44-4E95-A6DF-973859F3B7ED;AOFVPSSubs-168.61;CPS0001
F55071AB-953A-4AB0-86E1-9739818F028B;AOFVPSSubs-165.250;CPS0001
886B5825-6CBE-4F44-97BA-98C355E965ED;AOFVPSSubs-168.46;CPS0001
91489478-107B-4088-A315-99D14CC79452;AOFVPSSubs-165.167;CPS0001
FBEE0E6E-2D13-4127-9B6B-9A666836F68B;AOFVPSSubs-167.27;CPS0001
D8C9BA16-3B06-427A-9137-9A7AA6E301ED;AOFVPSSubs-165.111;CPS0001
62B08E9E-6F06-4149-84BC-9A9FE3E12550;AOFVPSSubs-166.59;CPS0001
5B4FA3D0-FDE9-4AD7-8685-9C7A7A3B4DE2;AOFVPSSubs-165.172;CPS0001
13F48888-DF90-4488-A0D1-9D1DF98BA0B6;AOFVPSSubs-166.25;CPS0001
B6B758E2-6457-4EA0-B5E9-9D3F7A7C9066;AOFVPSSubs-165.63;CPS0001
E5DCD519-B525-4AEE-A811-9E2CC6197F10;AOFVPSSubs-167.19;CPS0001
988EA053-C9C0-4F77-AEAF-9E83C5B3CECF;AOFVPSSubs-168.3;CPS0001
E0A8481B-CD6B-4D1E-93BE-9E94EACD133F;AOFVPSSubs-161.94;CPS0001
D0A61291-82CE-4A0D-8B5E-9EC42D075EA1;AOFVPSSubs-167.146;CPS0001
46F3FF72-546F-4F7D-A800-9F19FCEA6305;AOFVPSSubs-168.159;CPS0001
95BB691C-A348-4E29-9CFE-9F59E7175411;AOFVPSSubs-166.162;CPS0001
BF29E3AC-3661-45FF-A7B6-9F5C57F7C8E2;AOFVPSSubs-163.171;CPS0001
8ACF1694-77CF-47BD-AE00-A1155EECB8EF;AOFVPSSubs-168.125;CPS0001
9E505799-A704-43A5-93CC-A1E79D9AAB1F;AOFVPSSubs-167.22;CPS0001
5FEC95EF-D629-4D1B-88B1-A286068149F7;AOFVPSSubs-165.164;CPS0001
DC10F68D-9FBE-4710-932F-A2BC86703053;AOFVPSSubs-167.193;CPS0001
AA383E66-E1B0-41B0-9FA0-A3C45EF92B6C;AOFVPSSubs-167.14;CPS0001
2BD89F56-E5CC-42E1-99F5-A4374F880C20;AOFVPSSubs-165.40;CPS0001
259C93F9-3C17-4DC6-ACBD-A5098F9ED74B;AOFVPSSubs-168.121;CPS0001
AE56B766-65BA-49B4-8B97-A53A7A48B6C3;AOFVPSSubs-168.217;CPS0001
E958E0E7-5175-45CB-9004-A665CFD48663;AOFVPSSubs-166.182;CPS0001
5242848B-67EA-4792-B380-A66F325C9CF3;AOFVPSSubs-167.96;CPS0001
393F99B2-90B0-40D7-BA61-A836F436FFC4;AOFVPSSubs-162.86;CPS0001
DF6B7DA1-993F-48B5-84DA-A88A0F4C54A0;AOFVPSSubs-167.69;CPS0001
1F7B9A48-BE45-4168-9DF8-A88BFEBEF68D;AOFVPSSubs-168.182;CPS0001
86332B43-2E17-447E-99C2-AA49827C18DA;AOFVPSSubs-162.250;CPS0001
D7CBB6F2-8419-4596-B80C-AA4CF03BAB7B;AOFVPSSubs-168.32;CPS0001
FE244B92-C0DB-44B1-B027-AB7399C49771;AOFVPSSubs-168.150;CPS0001
2DE557AF-351B-4A2E-9257-ABB00869109D;AOFVPSSubs-167.250;CPS0001
FF1D78A7-079B-446B-8C08-ABDFEC604AA8;AOFVPSSubs-166.97;CPS0001
F1AAB6CF-98E8-4281-831D-AE090418C5C8;AOFVPSSubs-168.1;CPS0001
1DFAB072-7EC8-42E5-8C7C-AE9277B8E58A;AOFVPSSubs-168.53;CPS0001
D6697992-8165-47AD-806F-AEAD2229C24F;AOFVPSSubs-168.242;CPS0001
8AAB63DE-FABC-4019-9DA8-AF800AC8E57D;AOFVPSSubs-168.47;CPS0001
846D542C-4738-4AF8-B574-AFAB3B887700;AOFVPSSubs-166.224;CPS0001
28EA4A0E-8247-460E-A4C1-B06519CB854B;AOFVPSSubs-165.42;CPS0001
4F737231-2B3D-4379-A8A4-B14C721A7067;AOFVPSSubs-167.205;CPS0001
588BEC2C-9FA2-442F-82CA-B192996F51CD;AOFVPSSubs-167.186;CPS0001
5C9375F8-376E-4E39-BAB1-B1BF971A444E;AOFVPSSubs-161.163;CPS0001
FEF267C6-6B86-4B99-9F22-B2BEC2FBBE22;AOFVPSSubs-168.26;CPS0001
0CECB7F9-E3B8-480A-B74F-B2C465780B91;AOFVPSSubs-167.71;CPS0001
EE06CB8F-2DA3-4E7D-9BC2-B2F28C19AC20;AOFVPSSubs-167.233;CPS0001
61BB1B7D-C860-4593-9357-B3583072B8D0;AOFVPSSubs-167.159;CPS0001
6A8EC908-1857-4334-9491-B3997B5FA98A;AOFVPSSubs-168.33;CPS0001
C67F15AA-B5C8-4785-8E97-B49DC0B9C1A0;AOFVPSSubs-167.129;CPS0001
6457C23D-34F2-4977-B87D-B49DC3C16B15;AOFVPSSubs-167.59;CPS0001
5BE103CC-1D9B-4EEF-AFBB-B56816B5BFCC;AOFVPSSubs-168.153;CPS0001
75A414CB-5B4A-464A-8894-B6F4FA14BBA2;AOFVPSSubs-166.160;CPS0001
82680E96-ED24-4D28-9673-B7241D91006F;AOFVPSSubs-167.12;CPS0001
AB945521-1151-47E6-9280-B9B2AF175571;AOFVPSSubs-168.190;CPS0001
2352B2AC-E8A3-42DA-AE33-B9D8790ED216;AOFVPSSubs-165.238;CPS0001
8DA22B90-13F2-4996-B76C-BB39484783A7;AOFVPSSubs-166.231;CPS0001
406FC15C-DEBF-4BBF-AB14-BB7DAF2D4D5A;AOFVPSSubs-168.208;CPS0001
09C55B1E-5406-4F91-B064-BB921DF97C56;AOFVPSSubs-166.32;CPS0001
C38046E0-0CE6-42C4-B37D-BC2E2EB9964C;AOFVPSSubs-161.137;CPS0001
3B8EE5CE-239D-4CA6-A1FB-BC3FB1507DD8;AOFVPSSubs-167.28;CPS0001
2B8021B7-CB24-4999-B1F3-BD0575F4CF63;AOFVPSSubs-165.185;CPS0001
A9819F4D-0ED4-4ABD-8918-BEE1B8A2AC2D;AOFVPSSubs-166.240;CPS0001
C6ED3531-D112-4DA3-AA46-BEF1D884D149;AOFVPSSubs-166.164;CPS0001
06D407FF-18B3-40D9-BF90-BF5C33B65F71;AOFVPSSubs-168.200;CPS0001
9435B54B-BAC9-4252-9C81-C07F94890E1C;AOFVPSSubs-167.227;CPS0001
821AD15D-7200-44EE-B83D-C238753B9DDC;AOFVPSSubs-166.209;CPS0001
24D2C019-7DBF-4095-AA31-C23B25D2E359;AOFVPSSubs-162.28;CPS0001
83C457B8-1F31-445E-A463-C2DB39287A20;AOFVPSSubs-165.27;CPS0001
BE4B4029-9EB3-40AC-A285-C2DB5D5A1025;AOFVPSSubs-165.252;CPS0001
79C3B885-FE9E-457C-9F0A-C316566C1FD6;AOFVPSSubs-167.61;CPS0001
C5EBCC6D-D88F-439B-A96F-C438B374FD87;AOFVPSSubs-168.154;CPS0001
480009BD-61E7-4A5B-AEBD-C5FDE394AA81;AOFVPSSubs-167.235;CPS0001
5DD1BFAB-4FD8-46A1-89C7-C6E163E4A38E;AOFVPSSubs-168.23;CPS0001
F288138C-1065-46B7-AFE2-C717FEE4AB21;AOFVPSSubs-166.234;CPS0001
22B19F6C-91B3-4989-ABDF-C72F9258B808;AOFVPSSubs-168.135;CPS0001
87407D7E-5417-4405-B686-C9D39A43E635;AOFVPSSubs-162.225;CPS0001
75DB0F59-DA30-48E4-8E08-CA89FE8E9E84;AOFVPSSubs-168.137;CPS0001
C0CA5185-F787-4246-9F05-CC14C1837C71;AOFVPSSubs-168.97;CPS0001
002D2AE6-CAF2-4A8B-8CA1-CE5C6C88A512;AOFVPSSubs-166.167;CPS0001
C649A4C4-ED1B-409C-B7F0-CEB56BEE3BB7;AOFVPSSubs-167.89;CPS0001
E228D22E-F70D-4D46-BBD5-CEDFAE73BF28;AOFVPSSubs-167.204;CPS0001
97333752-0A94-445A-97F6-CEE37FE8FC22;AOFVPSSubs-167.122;CPS0001
0B39250C-6997-43D4-A7D5-CF14958A3B1A;AOFVPSSubs-166.163;CPS0001
481647F9-1183-4B43-A65E-D053653C39F1;AOFVPSSubs-168.163;CPS0001
5B5CCE21-1F8A-45F9-891D-D09C08F53805;AOFVPSSubs-166.189;CPS0001
0B7D2D36-B3EE-4A4C-B9A0-D0D7ABA30D0F;AOFVPSSubs-167.236;CPS0001
9E6362AE-3037-460B-98A3-D217CA203B0A;AOFVPSSubs-168.83;CPS0001
B3F4D52C-7E31-421F-8200-D2AB23E0BB46;AOFVPSSubs-167.229;CPS0001
FDEB1ADD-1B0D-4A17-B20A-D2D11B144AE1;AOFVPSSubs-166.225;CPS0001
DC351E9C-8611-4F09-A8C0-D3876A251873;AOFVPSSubs-165.168;CPS0001
E0292AD3-B240-4892-B52D-D3BF2BF100BF;AOFVPSSubs-167.197;CPS0001
A9AE79DE-848F-45C5-AD2E-D476CE49E6FC;AOFVPSSubs-165.149;CPS0001
A5A083DF-07F1-4790-8D37-D49873C1FAA7;AOFVPSSubs-166.19;CPS0001
9E446556-00B5-48A2-9B59-D4DADF6B9137;AOFVPSSubs-166.151;CPS0001
0EEBE775-9DA6-44EE-876C-D51CD3B721FA;AOFVPSSubs-166.223;CPS0001
4A6E8AC3-5DFA-45DB-889F-D59C5F4A45A0;AOFVPSSubs-167.83;CPS0001
EEC83BE7-83EB-4699-B8F1-D5B6B8CC76F0;AOFVPSSubs-168.236;CPS0001
CE2A3868-7373-4148-BC17-D6BE4768B64C;AOFVPSSubs-168.170;CPS0001
86DEC08D-B01F-4E7B-AE98-D7A7A6922E90;AOFVPSSubs-165.140;CPS0001
A0714A69-E1D5-48E7-97A1-D7FD291BA992;AOFVPSSubs-167.48;CPS0001
8D24925A-8766-4F03-A548-D8F2B219FB74;AOFVPSSubs-168.129;CPS0001
93196FE3-A423-4FB0-9CB6-D90F878ED4D3;AOFVPSSubs-168.38;CPS0001
FB07E402-A82A-407E-B8DD-DB46FFE8BA03;AOFVPSSubs-167.209;CPS0001
36DA8B7B-460D-49A5-8E6D-DCD59FA0D684;AOFVPSSubs-165.108;CPS0001
381E1D42-A8B9-41AD-99FF-DD54FCCA33AC;AOFVPSSubs-166.172;CPS0001
E2D582BD-15BB-46B7-B4A8-DE20951F3A10;AOFVPSSubs-168.96;CPS0001
8B55E08C-0970-42D9-8113-DE2F0049A063;AOFVPSSubs-165.159;CPS0001
ED643435-C868-448E-BA46-DF3BA66B2440;AOFVPSSubs-167.100;CPS0001
D76C1902-8C0F-45A1-BEBC-DFBA996D8BD6;AOFVPSSubs-167.237;CPS0001
E61C3AE5-4DA2-4261-BA23-E08DBAD9CE52;AOFVPSSubs-168.90;CPS0001
54E709A6-1568-4E32-87C7-E09F410ACA8E;AOFVPSSubs-166.242;CPS0001
7E0543F4-0DFA-4365-B519-E2B20826885D;AOFVPSSubs-167.113;CPS0001
7F7F9277-073C-4B02-BB86-E3A1B0BE2792;AOFVPSSubs-167.252;CPS0001
765B168A-B92D-4D47-8151-E3D1D26B7DAF;AOFVPSSubs-167.169;CPS0001
1CA324D4-F5C6-4182-848E-E432D0688458;AOFVPSSubs-167.91;CPS0001
9883D1D5-62AD-452D-A9F4-E487FA90500A;AOFVPSSubs-168.161;CPS0001
F5D07B2D-2C2A-44D5-B2C0-E54FFC674CC3;AOFVPSSubs-168.169;CPS0001
F1B787BE-012B-46C4-BF3C-E592945CE9BB;AOFVPSSubs-168.34;CPS0001
D2BC856F-3445-4561-B4BA-E5EB1D86E187;AOFVPSSubs-168.131;CPS0001
7D517B09-79E3-4F65-8910-E5EC44B410AE;AOFVPSSubs-168.11;CPS0001
E29B8870-03E1-4242-99F2-E63866294A49;AOFVPSSubs-167.6;CPS0001
1AC329F5-4D14-4AE0-A75A-E63B15A9C488;AOFVPSSubs-165.215;CPS0001
56F9BA4B-F477-49A6-9260-E6639501A6AA;AOFVPSSubs-166.200;CPS0001
9C841DE9-5576-408F-B3A9-E686C9661EB4;AOFVPSSubs-167.194;CPS0001
9F6A467C-5AF5-4C50-90AB-E7776A425341;AOFVPSSubs-167.45;CPS0001
D9E70752-8919-4385-82FD-E7BB58DE8175;AOFVPSSubs-168.5;CPS0001
9CED4416-5765-4C65-9159-E7D7569ECB98;AOFVPSSubs-166.24;CPS0001
0F899D40-1CA6-4D23-9EDB-E83ED409E965;AOFVPSSubs-168.102;CPS0001
36B5789E-841B-4AAC-8B18-E96363B6E59F;AOFVPSSubs-166.252;CPS0001
F7D12671-A624-42E3-99D3-EA34F5DDAAAB;AOFVPSSubs-165.37;CPS0001
FB843CFC-E0B8-4C00-972C-EA3BD96E15F7;AOFVPSSubs-168.219;CPS0001
983069ED-0B66-42D1-BEAA-EB5D50CCCCB9;AOFVPSSubs-168.91;CPS0001
1C1FEDA0-7933-4E40-9DC8-EC90171C5126;AOFVPSSubs-166.198;CPS0001
C0AB19FD-EA74-4071-851A-ECE53F216773;AOFVPSSubs-167.167;CPS0001
AFCA9F8C-FFA0-4E58-ADF9-ED2839CEE892;AOFVPSSubs-168.75;CPS0001
6210CA34-7FC0-4645-BFF9-ED659FEB7A61;AOFVPSSubs-167.178;CPS0001
384210DD-9459-4447-889D-ED6762E48434;AOFVPSSubs-167.42;CPS0001
B5E51319-426B-41E6-82D6-EDDEC02CEC85;AOFVPSSubs-167.158;CPS0001
EADF9B9C-FEC8-4A00-9133-EEAA4D273382;AOFVPSSubs-166.214;CPS0001
02264F65-FEDD-47A9-8F32-EEBC77E54DD6;AOFVPSSubs-167.97;CPS0001
A9948C00-F30D-44D9-85F2-EEDEC1047801;AOFVPSSubs-168.212;CPS0001
D41DB1D2-1E83-4C1F-A6ED-EEED6FFD5CEA;AOFVPSSubs-166.89;CPS0001
0E24F64B-B692-4DB1-8225-EF1120D700C3;AOFVPSSubs-167.254;CPS0001
179887B8-2790-4C23-85CA-F08588FE7ED3;AOFVPSSubs-168.72;CPS0001
5D1B79FC-EC4B-40C1-8B9E-F0FEA4FF3AC2;AOFVPSSubs-167.16;CPS0001
3D50ABDC-39A9-4EC0-A7B8-F1BA934F178D;AOFVPSSubs-162.72;CPS0001
3E95831A-9CBD-49D8-890B-F22D341AE4F2;AOFVPSSubs-167.90;CPS0001
148A077B-1EA9-4193-BCD1-F2C5234400FA;AOFVPSSubs-168.25;CPS0001
59F8526A-D46E-4596-B14F-F3AF6F227374;AOFVPSSubs-168.211;CPS0001
DD7EC431-31BF-4F32-B2BB-F3F5FBEE491B;AOFVPSSubs-166.180;CPS0001
ABC7FCCD-CEBF-44A9-A536-F401C38E7C20;AOFVPSSubs-166.47;CPS0001
A2078357-C806-491F-A7F3-F40E42EE466B;AOFVPSSubs-168.55;CPS0001
1DAD7CE2-A3EC-498E-9F37-F45379E7695A;AOFVPSSubs-166.168;CPS0001
BBE8A0CA-A158-48B9-92AB-F45798F056BE;AOFVPSSubs-166.156;CPS0001
A0A9C796-AF27-4173-8DEE-F52975748118;AOFVPSSubs-167.15;CPS0001
EA9099AF-DB74-4689-B9F0-F5A6B4B941E2;AOFVPSSubs-167.182;CPS0001
F31B170A-8045-45F5-B6B3-F60626A87EB5;AOFVPSSubs-166.237;CPS0001
5851CFC1-752B-4F5B-99B2-F60BBCF8AC8F;AOFVPSSubs-165.26;CPS0001
152E77C3-8C96-432C-B9EB-F6798EA200E9;AOFVPSSubs-167.126;CPS0001
B8979BF3-B180-455A-B56A-F6B16317FD1D;AOFVPSSubs-167.50;CPS0001
26340819-0BB6-4829-9962-F7DB4BC977D3;AOFVPSSubs-167.47;CPS0001
DEBC7E49-25A2-4A87-89B6-F859A5089AE3;AOFVPSSubs-168.2;CPS0001
238AF9A2-4566-497B-9528-F904D1FA8F27;AOFVPSSubs-167.72;CPS0001
910CF272-3E1F-4FE1-A02D-FA05388ADD9B;AOFVPSSubs-166.213;CPS0001
113F5E48-AE50-4B8C-A0DE-FA1091AA5403;AOFVPSSubs-162.175;CPS0001
BF67E37B-1D93-481B-BD5F-FA28A12B178F;AOFVPSSubs-167.112;CPS0001
78F55885-59AF-4D98-A3A8-FA4C7D50CB71;AOFVPSSubs-167.184;CPS0001
F9F127F0-9F4F-4E70-8F5F-FAB7C0480627;AOFVPSSubs-168.104;CPS0001
C683AA31-3636-43FA-9D5F-FB88001105D1;AOFVPSSubs-167.181;CPS0001
78D7EC07-CCA4-4297-BED9-FC440619CC35;AOFVPSSubs-167.141;CPS0001
7C076926-BF05-4559-B8EB-FC6C6A0B2C24;AOFVPSSubs-167.201;CPS0001
3094D2A2-6A0A-4B45-AFA8-FD4863E07221;AOFVPSSubs-166.29;CPS0001
841F2D8B-4BAA-4042-93C9-FE439A26FC4A;AOFVPSSubs-168.185;CPS0001
40805DCF-A3D7-4EF8-9E2B-FE973610B1BF;AOFVPSSubs-166.227;CPS0001
6F6CD72C-71A0-4089-8959-FEF41D91D1AF;AOFVPSSubs-167.132;CPS0001
9E3EBB62-493E-4098-9691-FF503EA08FD7;AOFVPSSubs-167.81;CPS0001
AF3A1F21-258C-4CE1-A0A1-FFEFAD954E3A;AOFVPSSubs-166.153;CPS0001
084295AF-5D83-4C90-A631-001288341DC8;AOFVPSSubs-169.212;CPS0002
6415220A-DF16-43A1-8D42-01039DCD06FE;AOFVPSSubs-172.158;CPS0002
6FF2637D-4EC6-43EF-83BE-0150A013A03F;AOFVPSSubs-170.97;CPS0002
137119CD-EBCB-4ECE-BA11-01A97E1AD7C2;AOFVPSSubs-172.114;CPS0002
5A315CDD-3E10-4CE9-80CC-021D9026D360;AOFVPSSubs-171.172;CPS0002
257F2A79-655D-4DA0-BC33-0298DBB98850;AOFVPSSubs-169.183;CPS0002
02FD983C-BDF8-43F2-A31E-039B5AF48223;AOFVPSSubs-171.247;CPS0002
469BA17E-9D0D-4E4A-BF19-050635C1B221;AOFVPSSubs-170.77;CPS0002
994297C0-0031-4641-9B14-056889AECF28;AOFVPSSubs-170.52;CPS0002
33431EC7-2377-4143-8985-05DE37A89D2A;AOFVPSSubs-172.141;CPS0002
C2ADEE2F-E08C-4EF2-AE98-074F3A62EDD3;AOFVPSSubs-169.223;CPS0002
0700B50A-235C-4C5A-BC06-087C006959DE;AOFVPSSubs-172.82;CPS0002
7BA53313-59B1-42FD-B287-0A6EE019B9C3;AOFVPSSubs-170.183;CPS0002
7580CCD6-6446-40D2-A6D6-0A73BEFF8EE0;AOFVPSSubs-169.246;CPS0002
8148852A-8695-4D5D-8491-0A8C4ECF17CD;AOFVPSSubs-170.95;CPS0002
C040468E-D8CA-4622-A791-0AE9BBBFB52C;AOFVPSSubs-169.185;CPS0002
ECFC2B2D-90E1-4976-A158-0B11F8344F63;AOFVPSSubs-171.222;CPS0002
EA1BBC49-4A34-44E2-AFCD-0B5CA545CEF5;AOFVPSSubs-170.6;CPS0002
44EF5686-242C-41B5-945B-0BEC46A10A8D;AOFVPSSubs-172.229;CPS0002
DDAA2F45-46CE-4CEA-95AF-0C213C307701;AOFVPSSubs-169.194;CPS0002
77F63E17-1E13-4364-A212-0C4D8AF5AE92;AOFVPSSubs-171.179;CPS0002
29FD9E7F-6F54-40E8-9B69-0C945ABEC93F;AOFVPSSubs-170.150;CPS0002
FFF65C04-AC78-44BB-9363-0C9BC61C1B74;AOFVPSSubs-169.76;CPS0002
4B3D7B2D-23E3-4521-8621-0D56BC762D03;AOFVPSSubs-172.91;CPS0002
1AFB8C8B-6C4E-41A3-93E3-0DE1631A4A03;AOFVPSSubs-170.188;CPS0002
07BB67E5-D484-4894-8CE4-0E07F39C9116;AOFVPSSubs-171.13;CPS0002
A9F3B87C-75CB-452C-8589-0E3FF9F55272;AOFVPSSubs-171.212;CPS0002
90D725F4-15FF-46BC-BC52-0E72CDFE9FC8;AOFVPSSubs-171.254;CPS0002
06116508-790E-4EB9-9906-0F085EFCCC23;AOFVPSSubs-170.210;CPS0002
76ABD2B6-C79C-43A1-8597-0FBBAE8B0BEB;AOFVPSSubs-172.202;CPS0002
B428ECC4-8A46-40AD-9DC6-10344EF50B9D;AOFVPSSubs-169.247;CPS0002
0FD3079D-80EE-40BA-A446-109E8F2A7A86;AOFVPSSubs-172.188;CPS0002
CA3DB92B-AD00-4604-8C41-10D80B2D01B2;AOFVPSSubs-172.205;CPS0002
7BD468DE-965E-4400-A21C-10F857D2FF68;AOFVPSSubs-172.186;CPS0002
824E5093-A5DE-4AA4-86BB-115925478DFA;AOFVPSSubs-172.3;CPS0002
DD9AE9C7-BAFF-4CDE-94B6-127D77E5228F;AOFVPSSubs-169.174;CPS0002
61D00A03-E3AE-49AE-B92B-12C8D0F476F6;AOFVPSSubs-172.143;CPS0002
86B356D7-5310-40AE-B427-1435D5E9CBC0;AOFVPSSubs-170.10;CPS0002
5965FD12-9413-4A73-AFA8-14A2D9130315;AOFVPSSubs-171.253;CPS0002
92557C02-0A6F-4759-AB2C-14ACE6A180E8;AOFVPSSubs-172.131;CPS0002
2DDA073D-50AC-4429-BAE4-14E14F79DC66;AOFVPSSubs-170.212;CPS0002
9F7EC94D-EEFE-4917-B0B9-16BCC4E53EA9;AOFVPSSubs-170.15;CPS0002
5757B6CF-66AF-4BC3-9C93-1736F14B76E9;AOFVPSSubs-170.165;CPS0002
766D0845-A1D9-4336-9412-1797282EAA79;AOFVPSSubs-172.237;CPS0002
D9548DFC-D033-4159-91F0-18F95D3FF7FD;AOFVPSSubs-171.25;CPS0002
699156BC-E6CA-455E-9EC0-1A6CA169E27B;AOFVPSSubs-169.232;CPS0002
6D583020-2D6E-4B40-8AFE-1AB90E821BBB;AOFVPSSubs-171.42;CPS0002
7DD1A369-69CA-4311-80E0-1B0C407B39A0;AOFVPSSubs-170.83;CPS0002
5B918F87-C101-4A85-B01D-1C2F216E942A;AOFVPSSubs-172.217;CPS0002
11322419-7A66-4592-9AAD-1C59C3877373;AOFVPSSubs-170.218;CPS0002
B2C40773-8E4A-41EA-833C-1CA207BF256D;AOFVPSSubs-172.97;CPS0002
18FB2B3B-31AF-4316-972E-1E39FC882B77;AOFVPSSubs-172.191;CPS0002
57C4E3FA-B433-4826-B61E-1E828013C1E2;AOFVPSSubs-172.117;CPS0002
7DC21DF6-5A94-4404-9BAC-1EE79E1633DA;AOFVPSSubs-172.192;CPS0002
B72B3485-4079-4F86-8832-1F3D5396143E;AOFVPSSubs-169.49;CPS0002
00B740BF-8901-4B86-84A9-204A007C8558;AOFVPSSubs-170.157;CPS0002
8F193065-F80E-44DE-A2F3-20E257FD05B0;AOFVPSSubs-169.226;CPS0002
C5974332-1A92-459C-A7DC-20EDE62C2074;AOFVPSSubs-172.163;CPS0002
145B3203-EE5F-40BE-8619-2155ECF6A9E0;AOFVPSSubs-170.81;CPS0002
96BFE4AD-7F2D-4C8C-AE55-21764C11B60C;AOFVPSSubs-172.189;CPS0002
B210DBD9-3B17-4B36-830F-21B1A6E0CF24;AOFVPSSubs-169.29;CPS0002
8AD8CC5C-F80D-40AF-85F2-2202F6E3F6ED;AOFVPSSubs-170.247;CPS0002
75FD00B2-530C-43EB-B20B-2207AF98370A;AOFVPSSubs-171.147;CPS0002
ECC1AB31-5A68-4366-8C7A-23B548AE2F80;AOFVPSSubs-171.61;CPS0002
92A45C98-9755-498C-9257-23BF59797F8E;AOFVPSSubs-170.36;CPS0002
4F4ABE9A-967E-445F-8853-24624F1651BF;AOFVPSSubs-171.170;CPS0002
374959C8-F882-47F3-94C1-2463D4CB473F;AOFVPSSubs-170.88;CPS0002
4C389C7C-94A9-4C9E-966A-24821A8E927A;AOFVPSSubs-170.111;CPS0002
F6DF25CA-1A5D-4144-A94C-2486DC41AF56;AOFVPSSubs-172.35;CPS0002
1FC05E01-23E6-4849-9CED-24D20D6DB0A6;AOFVPSSubs-169.101;CPS0002
5AA97DFB-2082-41B2-AC35-24E59B6BBA58;AOFVPSSubs-169.131;CPS0002
06B68E54-C2ED-452A-8D66-2542540A12B4;AOFVPSSubs-171.176;CPS0002
B276250B-AD9D-4BE5-85ED-25C87B5EE0E8;AOFVPSSubs-169.202;CPS0002
DF3F2908-C359-459C-AD0B-25DB449970A2;AOFVPSSubs-172.227;CPS0002
86449C14-4BB5-4DD0-86D5-2623D5167B52;AOFVPSSubs-172.74;CPS0002
663710A9-7912-43B0-B554-267597A5B8D9;AOFVPSSubs-172.207;CPS0002
17EAD078-9771-44B1-AEA2-271C86C43BC5;AOFVPSSubs-169.188;CPS0002
035452DF-DDDF-4D0E-870F-283182C23C77;AOFVPSSubs-171.139;CPS0002
7C10EF8A-732C-4C17-AECA-285DC8515925;AOFVPSSubs-170.192;CPS0002
044BD01B-5F07-48BD-A048-2882E2B75E9A;AOFVPSSubs-170.87;CPS0002
2D2F0671-A286-4131-8725-2957D1663285;AOFVPSSubs-171.157;CPS0002
37D83AD8-B8EB-42E2-893A-2A903764D305;AOFVPSSubs-172.181;CPS0002
E56A7B71-3642-425B-8A4F-2A92E3445798;AOFVPSSubs-169.58;CPS0002
130F3943-0C0A-4AE1-BA54-2B55E684EB9D;AOFVPSSubs-170.89;CPS0002
8DB82E44-1343-4E40-BB83-2B63CB248BAB;AOFVPSSubs-169.228;CPS0002
B3BC0DBF-4D2B-47A4-A214-2C076ECA55A6;AOFVPSSubs-169.250;CPS0002
B775F31C-A919-4E23-8649-2D0F5D2ECFAD;AOFVPSSubs-171.194;CPS0002
4CED17A3-95D6-4337-8E2E-2D2287319047;AOFVPSSubs-169.6;CPS0002
5322A241-E2C8-48F9-9DB0-2D9BFC0218D7;AOFVPSSubs-171.77;CPS0002
C51BFE89-61C2-4C7B-96EC-2DB783E197BF;AOFVPSSubs-169.213;CPS0002
EB9DC63D-94D4-4C94-9471-2E72ED167A22;AOFVPSSubs-171.213;CPS0002
7ACB82F3-779D-4B9B-9C0B-30F92251E9F4;AOFVPSSubs-171.135;CPS0002
C837A8A5-8414-4E95-A14D-3126999D3DCE;AOFVPSSubs-169.32;CPS0002
4A21ABF8-44F1-49BE-9A1B-314E41159CB4;AOFVPSSubs-169.34;CPS0002
AD47C33C-2C08-465D-B65A-31A0C852A60E;AOFVPSSubs-171.233;CPS0002
8DDFC691-2B63-4F6E-9EE0-328AEF5178F3;AOFVPSSubs-169.82;CPS0002
2EC10193-46E8-43B8-9581-32D7FE1F9014;AOFVPSSubs-172.49;CPS0002
81393289-9248-4090-AA92-334EBB81E807;AOFVPSSubs-170.237;CPS0002
3570B3D6-753F-43B2-B133-339B706F19EC;AOFVPSSubs-171.132;CPS0002
802F168A-FC4D-499C-AC70-33C28F081219;AOFVPSSubs-171.18;CPS0002
BF10FE1E-9757-4FF6-983B-353D1BB19217;AOFVPSSubs-170.35;CPS0002
3647A78F-4EE9-4181-B0C5-36EDAE23AB68;AOFVPSSubs-170.96;CPS0002
3D533506-49E1-4961-8669-37044E751CFB;AOFVPSSubs-171.152;CPS0002
541755D2-5B8B-4A69-8465-374C1AEF9D92;AOFVPSSubs-170.3;CPS0002
390861DF-D425-401D-9F04-375B5F4ED092;AOFVPSSubs-169.205;CPS0002
B872D08C-9FED-46C4-AD9C-37C75CAA1535;AOFVPSSubs-169.133;CPS0002
9AD24777-5E9A-4E3C-A2D5-39DD262D2309;AOFVPSSubs-169.222;CPS0002
46DE5358-88FB-4799-9E22-3AB53C269667;AOFVPSSubs-171.249;CPS0002
579B64EB-F5B8-45B1-9C3F-3AF4F599FBF5;AOFVPSSubs-171.47;CPS0002
57BA8238-C7AA-4557-92F0-3B839872BF93;AOFVPSSubs-171.137;CPS0002
E42DCC07-C6BA-4068-916C-3CC37C4069CB;AOFVPSSubs-169.166;CPS0002
DBF400ED-0CE4-4C29-A2CC-3CE64B3E6227;AOFVPSSubs-169.229;CPS0002
E984AF3C-1E5A-4C91-ACCE-3DDF3DE43133;AOFVPSSubs-170.149;CPS0002
1E85A2D2-F754-4E53-A24D-3EC269671337;AOFVPSSubs-170.187;CPS0002
F028E1E4-AFA4-4B76-8CEE-3F966E9F34C3;AOFVPSSubs-171.195;CPS0002
877662D7-A7E6-470F-9989-401FE178F1F9;AOFVPSSubs-169.145;CPS0002
02B5EB9E-99A2-4099-83B6-4205CDD18525;AOFVPSSubs-171.121;CPS0002
925AA57D-284B-4BF1-B009-4224592F2739;AOFVPSSubs-169.39;CPS0002
50CA1A0B-895C-4409-B850-42F32302C44E;AOFVPSSubs-171.156;CPS0002
3EB1C245-76F9-4A81-ACC5-44D483D691CE;AOFVPSSubs-171.182;CPS0002
AE9D36A0-2CBA-433D-9686-45399D56C55C;AOFVPSSubs-171.72;CPS0002
903AE94D-3B2F-4740-81F9-454108FF063B;AOFVPSSubs-169.117;CPS0002
0E3AAE76-5A17-4C88-B378-4546A15A94D3;AOFVPSSubs-171.114;CPS0002
AF3FBCAC-53F3-4EC3-90EC-45E4E0DDAF58;AOFVPSSubs-171.73;CPS0002
3AB7E183-8A39-4460-9BC6-466E1C68D141;AOFVPSSubs-169.134;CPS0002
CBEBC7E2-8BEB-46F0-A4B6-4674B23EFE57;AOFVPSSubs-171.66;CPS0002
8AB2CC68-59F3-4C4B-9DF6-46F5127B92BE;AOFVPSSubs-170.195;CPS0002
F5F444B7-4EBD-4F89-ABF6-47251800D26A;AOFVPSSubs-171.149;CPS0002
FD12D7FF-9869-4196-AFB8-479DFE3C2D17;AOFVPSSubs-172.43;CPS0002
5A74AD67-5793-44B1-8FAF-489002B9147E;AOFVPSSubs-169.15;CPS0002
20BF9DEF-82D4-4ED2-BC2C-49386443FBD4;AOFVPSSubs-171.203;CPS0002
92EEF6E0-9A2B-4815-9A4D-4B3756812C8F;AOFVPSSubs-172.9;CPS0002
3A6A4CCA-6FDD-4BD1-B3F2-4B6595BDF227;AOFVPSSubs-170.214;CPS0002
C6612672-69AD-4A75-BB88-4B73635AD5A9;AOFVPSSubs-164.238;CPS0002
B097CA49-55AA-426A-B700-4C72510B5827;AOFVPSSubs-169.233;CPS0002
3DBF2C24-C5CF-4BB7-AFE3-4D013019C095;AOFVPSSubs-170.162;CPS0002
CE7B3999-BB61-41C5-BD94-4D7527CBF005;AOFVPSSubs-172.170;CPS0002
4077D484-F837-492A-85E1-4D7A5E66A6D5;AOFVPSSubs-169.4;CPS0002
AD18FA53-E562-40D0-A4F7-4E9349424347;AOFVPSSubs-170.67;CPS0002
48E481D9-1A42-4043-AB66-4EAB7E06B406;AOFVPSSubs-170.155;CPS0002
4A9DDDFE-C0FC-40A4-8E71-4ED18F1237AD;AOFVPSSubs-170.217;CPS0002
CF47CFA4-7469-4649-9BFA-4EFCC6040480;AOFVPSSubs-169.9;CPS0002
1A3880F8-DCDE-46C0-A27C-4F8510FDD3C6;AOFVPSSubs-171.79;CPS0002
BB2F57B2-B93E-4986-A78D-5015B8A67567;AOFVPSSubs-169.122;CPS0002
DFBDEEEE-7AC1-4DFF-BB0B-50793DB5CF04;AOFVPSSubs-171.5;CPS0002
C4310A20-DF3D-40CE-B347-519565A3858B;AOFVPSSubs-171.56;CPS0002
D91FFBE1-2F21-4E1F-9826-51AD7D386A19;AOFVPSSubs-171.219;CPS0002
7CB1BCFA-3CAF-4219-A036-51BDB56632D0;AOFVPSSubs-171.199;CPS0002
19B39A7E-D81F-4325-9275-5208C473254F;AOFVPSSubs-170.72;CPS0002
0EB12353-7A38-4016-BFE0-5363F8A93E54;AOFVPSSubs-171.129;CPS0002
0C7939E2-E442-4E61-9D0A-53CBA122E016;AOFVPSSubs-172.251;CPS0002
23432449-2C17-4B2C-924E-542765333294;AOFVPSSubs-169.231;CPS0002
0BF5301E-2D76-471B-9134-548046AC9126;AOFVPSSubs-170.134;CPS0002
2F00D26B-A94B-46B3-8F72-54B0534BC6E3;AOFVPSSubs-171.202;CPS0002
50461EA3-96C2-4480-8B23-559660DDDE0E;AOFVPSSubs-172.80;CPS0002
A89E80F1-8A23-46F2-BF42-55B27D48AFA6;AOFVPSSubs-169.92;CPS0002
6F75E698-C162-45E3-9E53-55F1409B8FFF;AOFVPSSubs-169.182;CPS0002
F3039D21-179F-40DB-B987-5694D0B0B483;AOFVPSSubs-170.1;CPS0002
AE3434A1-B756-49D7-8527-572B14FC93CB;AOFVPSSubs-171.150;CPS0002
AF807584-3746-4612-80CC-577242425A46;AOFVPSSubs-171.252;CPS0002
6614C9AA-269B-417F-B628-585DB8BA20B0;AOFVPSSubs-171.130;CPS0002
166A76C6-01B6-4B58-B886-5889772F905A;AOFVPSSubs-172.70;CPS0002
B7F92265-FDD6-4B8E-B838-5982F69C1080;AOFVPSSubs-169.42;CPS0002
FC1F4240-60A5-46B7-ADA3-599D48ADC06C;AOFVPSSubs-171.83;CPS0002
4ADA611E-8218-4AFA-8863-5A35EB575A9D;AOFVPSSubs-169.227;CPS0002
0209E8CC-4D4B-4565-B418-5B3D879EC015;AOFVPSSubs-172.20;CPS0002
351EE989-E45A-42FB-9B8B-5B41AB7F6D0C;AOFVPSSubs-170.254;CPS0002
4F54B916-CAC5-45DA-81B3-5C0E835F7198;AOFVPSSubs-169.239;CPS0002
3C83505E-5A0B-42B7-B66C-5C3F352F0801;AOFVPSSubs-169.154;CPS0002
1F4AFC40-F84B-4512-837F-5C44BD37E8DD;AOFVPSSubs-171.41;CPS0002
C617F3DE-B6E6-44C2-88B5-5D012555AD1C;AOFVPSSubs-171.52;CPS0002
F6225149-575A-417B-89A4-5D51C0F648A7;AOFVPSSubs-172.108;CPS0002
DBAD4700-1722-4F49-8992-5DB2686A9E35;AOFVPSSubs-171.248;CPS0002
382867EC-CC65-4381-A2C6-5E8B1E42C8DB;AOFVPSSubs-172.87;CPS0002
401CA1BE-5043-48DE-818E-5E91F6FE6356;AOFVPSSubs-164.109;CPS0002
99C99FE2-0CC3-4293-9D56-5F006DDBDE71;AOFVPSSubs-171.196;CPS0002
056AC338-7085-4B85-BD88-5F328C3E5713;AOFVPSSubs-171.104;CPS0002
E7851F95-DF0D-4CEA-938D-5F8DD88716F0;AOFVPSSubs-172.51;CPS0002
5648F78E-4893-41FF-8F7C-5FF82B3B9CCD;AOFVPSSubs-171.175;CPS0002
0E17F0B0-66B6-4A9D-B535-6171A26EBE82;AOFVPSSubs-169.186;CPS0002
BF78C79F-7F03-43EA-A4F4-64FFC7FC6FBB;AOFVPSSubs-172.215;CPS0002
D386007A-2E87-4E48-800D-661E555F656A;AOFVPSSubs-169.73;CPS0002
2F0FF7C1-EFDD-494E-ACCB-661F48E396EA;AOFVPSSubs-170.109;CPS0002
75714815-7CD4-4510-8A6F-6721199AEDDB;AOFVPSSubs-172.31;CPS0002
7E29B60F-FF27-47AB-BD52-67AF5BEAB48F;AOFVPSSubs-169.235;CPS0002
B35E1FC3-868D-4175-8427-67CA28D9AA0A;AOFVPSSubs-169.24;CPS0002
6E8A40BE-5D14-4498-922F-67CAEE6391DA;AOFVPSSubs-172.224;CPS0002
C03E6319-3708-4E18-B7F8-6917BAABDDCD;AOFVPSSubs-172.67;CPS0002
E2E08A2C-93B0-49E4-B93C-69B89389E6C4;AOFVPSSubs-171.123;CPS0002
4E7320BB-7FCD-47D1-B6EA-69E9C467732B;AOFVPSSubs-170.253;CPS0002
D7858B6D-0D7C-4358-80C4-6AC108DAD602;AOFVPSSubs-171.146;CPS0002
73213067-8752-4C2E-8EAD-6AC8BE17368C;AOFVPSSubs-169.251;CPS0002
401254DC-4741-4035-9205-6B3340F977B7;AOFVPSSubs-171.94;CPS0002
6835291A-DA27-4D42-90CE-6B43DF1BA369;AOFVPSSubs-171.153;CPS0002
09E99953-47E1-46EE-9529-6B63015C8076;AOFVPSSubs-170.18;CPS0002
1C181369-1E1E-4CDB-A568-6CA12A33C090;AOFVPSSubs-169.14;CPS0002
D62C1820-A12E-418A-A64D-6CB03EB51187;AOFVPSSubs-164.179;CPS0002
75E3550E-ED0D-4685-A765-6CCA8F0B869D;AOFVPSSubs-170.14;CPS0002
0A97D2AC-255D-44F9-A18E-6CE78A9D55DA;AOFVPSSubs-169.237;CPS0002
01AF5F1E-AEF1-47A5-9836-6D802A45931A;AOFVPSSubs-169.248;CPS0002
5387FE79-8AEE-49F7-984E-6DB5FFE45C17;AOFVPSSubs-169.44;CPS0002
6166738C-B3DD-4A7F-9B06-6EA942D4CA76;AOFVPSSubs-171.21;CPS0002
36C61936-2EEE-44EB-A5AF-6F4E8C8494B4;AOFVPSSubs-170.42;CPS0002
1F0B1936-6DA9-4140-9EA9-708B9AC60F06;AOFVPSSubs-172.154;CPS0002
7DFF294D-3A77-45D3-9187-708CF5A30250;AOFVPSSubs-169.176;CPS0002
9DA73F7E-8DE8-4139-B2BB-70B996F8492A;AOFVPSSubs-169.94;CPS0002
EE91688B-87FE-437E-88B2-7112ECC16FAB;AOFVPSSubs-169.112;CPS0002
09974B48-8C07-4D86-BD06-72F3E01FACC0;AOFVPSSubs-169.135;CPS0002
3C100405-15E1-4277-8E78-73149D0235D3;AOFVPSSubs-172.164;CPS0002
20635586-044D-4C80-839B-731C83FE6B16;AOFVPSSubs-172.65;CPS0002
C1DD6500-3298-4830-81B0-73D0E6DBFB5E;AOFVPSSubs-172.179;CPS0002
B1465552-B8DF-4488-A329-7418FE702154;AOFVPSSubs-164.173;CPS0002
6DD674FC-6028-4D06-A1D0-749D6B6ED368;AOFVPSSubs-169.30;CPS0002
0428D7FE-E5A2-48BD-A303-74F8A5E9D139;AOFVPSSubs-172.140;CPS0002
2EFE27CC-DB91-4DD1-8140-7537F00995F1;AOFVPSSubs-172.90;CPS0002
0352D122-D6E1-44D0-BF4B-76396BE2B5FC;AOFVPSSubs-171.92;CPS0002
22BF595E-67CC-454E-981C-766AEE2072BF;AOFVPSSubs-170.190;CPS0002
D4AC02AC-783B-45A4-9F12-778F7CB19719;AOFVPSSubs-172.157;CPS0002
C823D749-0792-43EA-B2D5-77DFBF006609;AOFVPSSubs-172.203;CPS0002
1C0E4C51-3973-485D-B13A-78ED8BB5834E;AOFVPSSubs-172.30;CPS0002
F6A4EBE6-EB41-42A3-9347-790DA3798833;AOFVPSSubs-171.51;CPS0002
261936B1-A8FA-4B7A-B14A-79D26EA500D4;AOFVPSSubs-172.201;CPS0002
D492AD0E-E737-4D45-9CC3-79EEC2F12580;AOFVPSSubs-171.111;CPS0002
71B0D97B-66D8-4DF8-B343-7A1EB4C274F1;AOFVPSSubs-172.197;CPS0002
8F2BF833-07C2-48A9-8782-7A329A5FB7DA;AOFVPSSubs-170.203;CPS0002
0D03960E-3985-4062-B445-7A7EE6C42151;AOFVPSSubs-169.200;CPS0002
AAB84E80-2B7E-4F1C-A2FA-7AA061C47D07;AOFVPSSubs-171.144;CPS0002
5E5C968A-73C1-4159-A68D-7C0E5FCA58D3;AOFVPSSubs-172.221;CPS0002
FCC01B05-29EC-4416-8E86-7C7A9FBDE35B;AOFVPSSubs-172.46;CPS0002
FD81229B-4E94-4EB6-89E0-7C80D4EE154C;AOFVPSSubs-170.100;CPS0002
77CC93B0-0FF9-422F-8E3B-7C994AF791E2;AOFVPSSubs-171.93;CPS0002
81290ACC-C7DD-4902-9616-7D7D0ED8B20E;AOFVPSSubs-169.37;CPS0002
E4A5EEB7-49AF-428F-82AE-7E22F32DC197;AOFVPSSubs-172.78;CPS0002
468198B4-E635-4179-B8BA-7E2A9E16D0EE;AOFVPSSubs-172.119;CPS0002
405F148B-4BEE-406B-B2A7-7E91FEFDBBD2;AOFVPSSubs-170.243;CPS0002
5BCE2B45-CBC0-4DEE-B9AE-7F7FBA79FC8F;AOFVPSSubs-172.21;CPS0002
B26E1C01-4012-4C23-ADBD-7F81948125F3;AOFVPSSubs-169.127;CPS0002
6A8BF0AD-94D7-4069-B182-7FC642BFD898;AOFVPSSubs-169.65;CPS0002
2DE5F362-70B7-49FD-9F22-80195E462A9A;AOFVPSSubs-171.55;CPS0002
B05B79F9-5C87-42D1-B1EA-80FFA4694A45;AOFVPSSubs-169.10;CPS0002
AD4416D5-01EF-4A08-8BBA-823880EF4E2F;AOFVPSSubs-171.136;CPS0002
23DA581F-2F0C-4364-AE0A-8269FC7948E1;AOFVPSSubs-170.117;CPS0002
27B9860D-5213-4A7E-8D7A-83101F7ABF28;AOFVPSSubs-172.125;CPS0002
B2B20000-8622-4F5C-9926-8375CF799619;AOFVPSSubs-171.140;CPS0002
28EF1C49-7C8C-47F5-88E9-856C26FD8C06;AOFVPSSubs-169.238;CPS0002
CF52840B-3922-43BA-9B07-859F4F35245A;AOFVPSSubs-169.23;CPS0002
B2183453-0C34-44B8-877F-860B92E862B4;AOFVPSSubs-172.23;CPS0002
37ABCAA8-44B2-4902-AF40-8698CEF06351;AOFVPSSubs-170.9;CPS0002
AFD50B5E-2384-4FE0-9F9D-86C7F2BFBFDB;AOFVPSSubs-169.144;CPS0002
73B43CC3-2AE9-4B72-AB23-86C8766338FB;AOFVPSSubs-170.56;CPS0002
F8A4C99F-F9FC-4ABB-9A91-87F400082F03;AOFVPSSubs-172.60;CPS0002
3B88A234-26A5-471B-B10F-89AAF602B1EA;AOFVPSSubs-171.169;CPS0002
2C09BF62-17E3-4FC5-BE71-8A2E24259E53;AOFVPSSubs-169.254;CPS0002
EDEF75BD-FF97-4FBA-8384-8AA74627F9D7;AOFVPSSubs-169.234;CPS0002
2D22C4B7-8864-4A8D-AB02-8AB1BD11B3DE;AOFVPSSubs-171.50;CPS0002
580B1478-01A4-476B-870C-8AD15F5E3DB2;AOFVPSSubs-169.75;CPS0002
65C9C8B7-4B47-4749-95A4-8BB193BB201D;AOFVPSSubs-171.67;CPS0002
659FCCF7-8F11-4732-AF13-8C74D44515FC;AOFVPSSubs-169.192;CPS0002
52DBF203-1ABF-4116-BE22-8DDD993D5B4E;AOFVPSSubs-170.102;CPS0002
1E149B30-D30C-48CB-8E24-8DEBDC2C4CBC;AOFVPSSubs-172.64;CPS0002
A2A76560-FF1E-44CC-AF04-8E00DBB2CD7D;AOFVPSSubs-171.58;CPS0002
C7872DE0-7F86-4131-B270-8EFB8D2E995D;AOFVPSSubs-169.139;CPS0002
290C01A4-742E-4AD8-A44A-8F07096B0536;AOFVPSSubs-172.52;CPS0002
A653CDCC-96CC-4E6E-AC8D-91B2C9962B48;AOFVPSSubs-169.219;CPS0002
F8B70807-A7A9-4BF9-BF88-9235D984F4EC;AOFVPSSubs-169.152;CPS0002
84DF02C7-21E7-465B-BB3F-92DC97AD684F;AOFVPSSubs-170.228;CPS0002
EBF27DCF-BE16-4365-BF6E-9385BFE770C6;AOFVPSSubs-171.227;CPS0002
75FD310E-67D2-44E9-80CB-93B2B6547D41;AOFVPSSubs-172.57;CPS0002
B7585A2C-561D-45B5-ADF0-93B3EF1C8CF8;AOFVPSSubs-171.234;CPS0002
A78A3380-C26F-4EF2-94A7-93F12B8B7209;AOFVPSSubs-169.51;CPS0002
80E65856-31DA-4EC5-9222-944C19EC53DE;AOFVPSSubs-169.1;CPS0002
9C29E511-3393-4AFC-AD4F-944D123F504C;AOFVPSSubs-164.150;CPS0002
C95EC9A3-766B-42C0-A084-948C7076FB4C;AOFVPSSubs-172.33;CPS0002
1092BF1B-625F-4283-963D-94E0FFB20E75;AOFVPSSubs-169.172;CPS0002
411F0A2E-4B01-449D-BE7E-95719A7D5A94;AOFVPSSubs-170.153;CPS0002
B7634A9A-F30A-461D-943D-95FFC61EE315;AOFVPSSubs-171.198;CPS0002
3FFC7FE4-20E3-4714-928B-96B43A71768D;AOFVPSSubs-169.150;CPS0002
E34A873B-B856-4326-88EB-96FA12A6611A;AOFVPSSubs-170.125;CPS0002
7B38936C-1960-4FDE-B48E-97E390C22E09;AOFVPSSubs-169.142;CPS0002
2974DEC6-B0FD-4ABB-B2D1-98033AEF65D4;AOFVPSSubs-170.221;CPS0002
8AFCDAA6-19D9-4619-A26B-98A227F651D2;AOFVPSSubs-169.89;CPS0002
4331C305-B26B-4922-9AE0-9A1F93190008;AOFVPSSubs-172.58;CPS0002
C43BC3B4-3ED3-4730-93F2-9B0E4570CA9F;AOFVPSSubs-172.206;CPS0002
8C3735E2-ACA9-4ED6-B94E-9B28727720EF;AOFVPSSubs-172.6;CPS0002
FA2122EC-A967-47EF-8250-9B2D98C2D59F;AOFVPSSubs-171.40;CPS0002
C4B50F36-0517-4AB0-93A0-9C12A4977635;AOFVPSSubs-171.242;CPS0002
132976BF-1E44-4905-9E18-9C6495E87626;AOFVPSSubs-171.145;CPS0002
8CB67A3E-A3EF-4AEB-B2E8-9CB6A37A72BD;AOFVPSSubs-172.238;CPS0002
2D7424C9-6A97-4733-8D9E-9DBA79B572FC;AOFVPSSubs-170.62;CPS0002
53065268-6F54-40BB-8206-9DFE9664D9EF;AOFVPSSubs-170.139;CPS0002
A63822F8-9994-46F6-9034-9E9194A4046B;AOFVPSSubs-172.136;CPS0002
2F485D21-E68B-4B47-A3CF-9F1309CC27F0;AOFVPSSubs-171.189;CPS0002
17A07F02-2635-4DA9-89F8-A05B34135F7F;AOFVPSSubs-169.67;CPS0002
1EA377F8-7CF2-47F2-94FF-A10B903BA1BE;AOFVPSSubs-171.3;CPS0002
5D3189EF-F6E6-4CDC-A1C5-A1C326479D12;AOFVPSSubs-170.50;CPS0002
D4F33FF9-1564-4E91-B71D-A1F1B2981EE5;AOFVPSSubs-169.52;CPS0002
EEAD86EE-056A-432C-BE6A-A21F1B957286;AOFVPSSubs-171.200;CPS0002
8A5928A5-46DB-4D8A-8696-A29835A37298;AOFVPSSubs-170.211;CPS0002
699F8F41-198D-49F9-9243-A2CFB38D54AF;AOFVPSSubs-170.68;CPS0002
B8A6BD8A-BEA9-4705-8BEA-A2E11521A97A;AOFVPSSubs-171.118;CPS0002
9D7FDD15-AB52-4045-831E-A2ECCC81B432;AOFVPSSubs-172.144;CPS0002
BF48F372-1F22-41A0-9105-A357315A831A;AOFVPSSubs-169.175;CPS0002
BDE3B9CD-F106-491B-80D4-A3ED7139935C;AOFVPSSubs-169.218;CPS0002
F4075614-C4B7-4C0A-BA2A-A3FF34CC0CF2;AOFVPSSubs-170.161;CPS0002
A13F337B-1CA5-4129-9C3C-A498D3F72D95;AOFVPSSubs-169.91;CPS0002
102DF571-E754-4953-BC37-A564843E5A52;AOFVPSSubs-169.99;CPS0002
4AE1F80E-634E-4D2C-A971-A6394A55817E;AOFVPSSubs-171.4;CPS0002
9FF35F7F-313A-4E83-9E12-A6CE0AC0E260;AOFVPSSubs-171.128;CPS0002
C3F7D55C-D14F-4597-90C5-A6E6F2A79E02;AOFVPSSubs-164.196;CPS0002
D6EB7C09-B3C1-4100-9CF8-A7263FDFF0FF;AOFVPSSubs-164.61;CPS0002
F841B73C-6E59-43B9-BC2F-A7E6F7DD01F8;AOFVPSSubs-169.13;CPS0002
B6B01DC9-EB04-4ED5-8475-A7FDCEAC7769;AOFVPSSubs-169.137;CPS0002
F1386E1E-DC16-4F88-8B91-A7FEFC6552B8;AOFVPSSubs-170.47;CPS0002
0A7B3F1E-48B5-4440-9A1B-A8462CB1577F;AOFVPSSubs-170.170;CPS0002
F084B59E-3B0B-4268-98FE-A894A1778FE6;AOFVPSSubs-169.155;CPS0002
D8BAC00B-EBA4-46D7-8BA0-A8A17E34F658;AOFVPSSubs-171.138;CPS0002
98F0E6F7-4FAA-4D86-BF5C-A9E308494BB5;AOFVPSSubs-172.246;CPS0002
BA6EADCC-FC55-4AB1-BC50-AAF0BDAAE9CE;AOFVPSSubs-171.48;CPS0002
A16BA7BF-A4C3-4272-BE86-ABC345CBB1E7;AOFVPSSubs-171.35;CPS0002
0B4DF44D-28EC-463D-BF84-AD6EDC6E572C;AOFVPSSubs-169.179;CPS0002
6365686B-2488-49AE-B0BE-ADB89AC0223C;AOFVPSSubs-172.244;CPS0002
A5B7795E-72E0-4102-A146-AECA1EB444BF;AOFVPSSubs-171.220;CPS0002
91A2E436-0755-4151-89BC-B04693C44297;AOFVPSSubs-169.105;CPS0002
0EBEDA76-3D08-46E2-BBF1-B156E6DF17CE;AOFVPSSubs-172.25;CPS0002
8F458F4F-3677-4D1A-B575-B2A501C32052;AOFVPSSubs-169.210;CPS0002
E693F078-FFBA-49D1-9337-B33CF7210477;AOFVPSSubs-170.135;CPS0002
A361B423-B19D-42BE-8799-B3CC81333966;AOFVPSSubs-170.116;CPS0002
76F78390-2EB2-43DB-B68F-B4E5B14B8C02;AOFVPSSubs-171.124;CPS0002
48AB66E6-3981-4375-904A-B5B72F9101A2;AOFVPSSubs-171.162;CPS0002
3402D465-D179-4F69-932E-B5D99DB9DB8D;AOFVPSSubs-171.188;CPS0002
2CFFB710-1FBA-4A55-881D-B5DFAD166CC3;AOFVPSSubs-170.175;CPS0002
9FF2C69A-F8AB-463A-8B37-B61EFCCD175F;AOFVPSSubs-171.217;CPS0002
5418B985-7556-4A3A-96C8-B6FA56384535;AOFVPSSubs-172.89;CPS0002
CBA93541-3BD2-4CE3-8C87-B708385E7BE5;AOFVPSSubs-171.201;CPS0002
CACA76B3-448B-44CD-B863-B8C601EAD0E5;AOFVPSSubs-171.142;CPS0002
7FFCEDB1-942B-4BDD-9D48-B8C8D61E63E3;AOFVPSSubs-172.235;CPS0002
17FF52B2-EBE9-4BA2-9E09-B98446CF2FF3;AOFVPSSubs-171.103;CPS0002
CD545505-EE43-4CCE-8E10-BA597CED6EAB;AOFVPSSubs-171.250;CPS0002
8327C623-2DD4-47D8-A352-BAACBAB13CF2;AOFVPSSubs-170.61;CPS0002
3662C9D7-7416-45CE-83AD-BB0A91E057D2;AOFVPSSubs-172.228;CPS0002
9BB44313-D8B9-4CD6-AC82-BBB0B4257E79;AOFVPSSubs-169.236;CPS0002
A37F3AD8-14E1-4E98-A9B8-BD082D033516;AOFVPSSubs-169.104;CPS0002
C93E2DB8-0AA5-431E-9F47-BD3760548CAD;AOFVPSSubs-169.79;CPS0002
FEA9F216-F580-460E-868C-BD7A3AFF4AEC;AOFVPSSubs-172.53;CPS0002
D2ED7A3F-763A-40B4-92FF-BEBA51C82946;AOFVPSSubs-171.108;CPS0002
25CA2E89-5449-468A-9A26-BF4838EFE3B1;AOFVPSSubs-171.218;CPS0002
00AB7476-AE09-491A-8F0E-BF8402A70640;AOFVPSSubs-172.241;CPS0002
6C467A42-0D66-4928-B9D7-C037DF317FAE;AOFVPSSubs-171.237;CPS0002
FBE5873A-5878-41EA-A12B-C14F1F9EDCE0;AOFVPSSubs-170.75;CPS0002
78C0DB34-D594-42B2-AFD2-C163EB47FAF2;AOFVPSSubs-169.199;CPS0002
E0D0992B-9B8A-410F-9FC1-C176FA53F98D;AOFVPSSubs-171.86;CPS0002
2FB05364-A60C-4FD8-A953-C3AEEEE3D496;AOFVPSSubs-169.123;CPS0002
22F79CDC-2B79-4118-886B-C41185C69D8F;AOFVPSSubs-169.21;CPS0002
383950D3-620C-4BB9-B346-C4C0A6FFE712;AOFVPSSubs-170.5;CPS0002
7D77F479-6E2C-47B4-9433-C51D4A350F70;AOFVPSSubs-171.49;CPS0002
8CD70CEA-B483-461C-9373-C6233152C0AE;AOFVPSSubs-169.201;CPS0002
92B24AAE-B677-4124-B483-C6625A8512C7;AOFVPSSubs-170.141;CPS0002
D65E4308-B65F-41C8-B2ED-C675A68615B8;AOFVPSSubs-170.70;CPS0002
2291539E-37F8-44CB-A337-C6AAB44FDDBF;AOFVPSSubs-169.214;CPS0002
2DDBEF03-8BF0-4D4C-A9ED-C6C868296100;AOFVPSSubs-172.34;CPS0002
ACC6CAD3-AC53-4FF6-B80F-C71594A5EBF0;AOFVPSSubs-171.133;CPS0002
D85B4B6B-F752-42FE-94E0-C7682BB1615E;AOFVPSSubs-169.191;CPS0002
D9EDB608-595A-4C62-843E-C7C89B61E105;AOFVPSSubs-171.87;CPS0002
E40D2E22-B7CA-4A37-BBCC-C828C7D2C613;AOFVPSSubs-169.252;CPS0002
83A2D429-B130-4F3A-873F-C9CAF52B0F8F;AOFVPSSubs-170.172;CPS0002
CFDD0861-BA26-4B76-BC66-CA8F3F130A14;AOFVPSSubs-170.28;CPS0002
E3FA4E09-8F0D-4437-BE43-CA96244DBD71;AOFVPSSubs-169.244;CPS0002
8EC954FC-A290-4C34-B4E6-CAA0CE231DEF;AOFVPSSubs-172.204;CPS0002
08F6240A-B8FE-4F0B-9E07-CB39EAC57F0B;AOFVPSSubs-169.46;CPS0002
8D2180A7-9F89-45A8-8124-CBF9FD89EE22;AOFVPSSubs-172.210;CPS0002
367A6F11-24EA-4373-9D01-CC5E098B9110;AOFVPSSubs-171.174;CPS0002
D4AC3A74-C0D8-4A91-B6DF-CC70E8841B36;AOFVPSSubs-164.54;CPS0002
D4F0B630-617A-4965-9058-CD53CF8E7C39;AOFVPSSubs-172.250;CPS0002
0385592C-677E-4696-8285-CE1E70272148;AOFVPSSubs-170.112;CPS0002
78F83EE1-BAE5-4FFE-A596-CF0D1AC64033;AOFVPSSubs-170.166;CPS0002
889EE232-08D1-4A4C-9A49-CF104570A4AA;AOFVPSSubs-172.150;CPS0002
5AEC5BFA-F67D-4441-9386-D082F91D797C;AOFVPSSubs-171.69;CPS0002
6865C6B0-9BCA-4F5A-B295-D0BE84F53C9E;AOFVPSSubs-172.254;CPS0002
FB1A2538-F72E-49DD-A846-D372927704DB;AOFVPSSubs-170.216;CPS0002
19BB29C1-E410-4634-9F95-D42652B1F72C;AOFVPSSubs-169.181;CPS0002
A0EAE948-7978-4D06-B879-D5E69462F464;AOFVPSSubs-171.126;CPS0002
8909D393-2647-47B7-8236-D6555FA1B929;AOFVPSSubs-172.146;CPS0002
62CD0319-25E3-43D6-8846-D697906B1B63;AOFVPSSubs-170.227;CPS0002
E0F3178E-7EDF-4033-9E44-D72DBCEBBD17;AOFVPSSubs-171.45;CPS0002
33FA7411-D260-4D79-BB29-D85426653882;AOFVPSSubs-171.154;CPS0002
80F0F769-0066-4C73-A055-D89E2B54D69A;AOFVPSSubs-172.93;CPS0002
82A437A2-BF89-4E26-94A9-D92CB8367197;AOFVPSSubs-170.46;CPS0002
2052078E-6D31-456D-B7D9-D95A9710D53B;AOFVPSSubs-172.155;CPS0002
162A9EF2-20DD-489E-B233-D99B053A4F48;AOFVPSSubs-170.140;CPS0002
A328C327-26CC-4918-B9A9-DB8F585DAFCD;AOFVPSSubs-170.119;CPS0002
9411D95E-8D4E-435E-8DEB-DCBB3DA6BA9C;AOFVPSSubs-170.4;CPS0002
5D21421C-9AD9-493D-889E-DCDF67797EE9;AOFVPSSubs-170.164;CPS0002
FC15B4D7-0000-4BF8-AE9E-DDAF8B49FA4E;AOFVPSSubs-169.225;CPS0002
C174477C-65E0-4ADB-ACBC-DDD383D17943;AOFVPSSubs-171.71;CPS0002
1BCFAB60-90DD-453D-AC24-DE3382505480;AOFVPSSubs-172.220;CPS0002
0C914C95-F7D3-42CB-BC65-DE907F3FBC44;AOFVPSSubs-170.122;CPS0002
7910473D-84B1-4F00-85B9-DEC0C2FE2E15;AOFVPSSubs-171.75;CPS0002
55909823-98BC-4EC4-B534-DF7217944377;AOFVPSSubs-172.176;CPS0002
885DD195-C886-4776-B980-DFA7AA69A8D2;AOFVPSSubs-171.20;CPS0002
678EA61E-F561-45C7-99FA-E05A307F9EAF;AOFVPSSubs-172.240;CPS0002
A77A938C-4D0E-45D1-BAD9-E05F8C005A03;AOFVPSSubs-172.152;CPS0002
F7E4892E-7FD2-4F53-A4AD-E0FFEF162AAA;AOFVPSSubs-169.217;CPS0002
6AA797CE-7339-4F6E-8AED-E127311F1561;AOFVPSSubs-171.246;CPS0002
35BD5CE6-25C8-4554-B941-E156C39753EF;AOFVPSSubs-170.156;CPS0002
0557BE9D-4C46-4DF9-B1C8-E256D03BA1E1;AOFVPSSubs-172.24;CPS0002
6756E0B2-E1D4-427D-B9C4-E36B853598CF;AOFVPSSubs-172.239;CPS0002
AA93F55A-D125-4B0C-A2E2-E38E6EBEE649;AOFVPSSubs-171.143;CPS0002
1405617E-55B3-4A22-BDBA-E3CBCF919594;AOFVPSSubs-170.232;CPS0002
EE03F5EA-F3DA-497D-85C8-E3EC30704DD2;AOFVPSSubs-169.215;CPS0002
D8CE62E2-9BCB-4B44-8589-E4C66F2F5BCB;AOFVPSSubs-172.1;CPS0002
53808354-E2BE-411B-BAE2-E61617D9CC17;AOFVPSSubs-170.80;CPS0002
8BD89BD2-7EB0-418A-A992-E7B2DF4DA5AB;AOFVPSSubs-172.137;CPS0002
E5B8648B-B133-4EFA-B308-E8B0897DE79B;AOFVPSSubs-171.197;CPS0002
DDA3F79B-E038-47AE-A158-E929F5805125;AOFVPSSubs-171.148;CPS0002
29E6F7E7-4D0F-41B9-A65C-EA4C67D4C354;AOFVPSSubs-172.122;CPS0002
40A8F6C2-6394-4EFC-8154-EA583A33E6F3;AOFVPSSubs-171.44;CPS0002
A49769E5-CC3B-4C0E-966A-EB245A8855EC;AOFVPSSubs-169.163;CPS0002
D42D04CF-DAC1-4B2B-AAF5-EB3C6B0DB8F5;AOFVPSSubs-172.126;CPS0002
EDEBFF78-53A0-4DA9-AAFD-EB454E1CCB50;AOFVPSSubs-170.181;CPS0002
A5659B89-23DF-4613-8480-ECCAE609D6C8;AOFVPSSubs-171.173;CPS0002
8DFFE814-601E-45F6-AF02-ECCBD4BF873B;AOFVPSSubs-172.172;CPS0002
DBCF511E-5328-4693-AB8A-ED03974154C2;AOFVPSSubs-171.110;CPS0002
881C0A3C-741A-4644-A44D-ED7178C56573;AOFVPSSubs-169.22;CPS0002
4ABCB6B5-85C8-432E-B0FD-ED8E21544F5E;AOFVPSSubs-170.2;CPS0002
6CB46E4B-D9D2-430E-ADCB-ED9380C618C4;AOFVPSSubs-169.161;CPS0002
2EDE4738-9442-4231-B74F-EE082CFAD814;AOFVPSSubs-172.55;CPS0002
335217C1-AB6B-49C6-A7FD-EFC8108877A5;AOFVPSSubs-171.141;CPS0002
CC397082-DF93-4A8E-BB55-F030F41F3900;AOFVPSSubs-172.216;CPS0002
BFDD922C-96B1-46F0-AC00-F0324A5500F6;AOFVPSSubs-170.76;CPS0002
20CF2C1F-597A-42C9-A7FA-F06F5BFF5EA0;AOFVPSSubs-170.8;CPS0002
14CD516F-5FA4-431B-B0BD-F08F502C5C1F;AOFVPSSubs-171.65;CPS0002
3107E58A-AEAE-44A4-A986-F10B6B170121;AOFVPSSubs-169.43;CPS0002
9252EA54-D663-4F38-AF24-F1CAE86C312E;AOFVPSSubs-169.138;CPS0002
FCBD478D-E58F-47FE-BBAC-F1DF778DFFCE;AOFVPSSubs-169.128;CPS0002
B606D909-FFBA-45A9-B90A-F1E3C1748C32;AOFVPSSubs-170.94;CPS0002
95DD8489-408A-47EC-B5CE-F242FB68CF9A;AOFVPSSubs-170.208;CPS0002
A5FA16C7-82C0-4007-9C8F-F38A434197ED;AOFVPSSubs-172.147;CPS0002
D0EE6ABA-FDFB-4F76-AB24-F400EF619524;AOFVPSSubs-172.180;CPS0002
AEC10E8E-9F25-4FF6-AA48-F43128815610;AOFVPSSubs-172.156;CPS0002
054B07F8-80B9-4698-B5E2-F49CD0EAC809;AOFVPSSubs-169.2;CPS0002
F9032CB3-28D3-4B44-A2B2-F751D9A1B761;AOFVPSSubs-169.216;CPS0002
6FAED40F-E198-4331-8049-F76551A44987;AOFVPSSubs-171.107;CPS0002
3A9D6AD2-1678-4055-B47E-F789BCF73FC6;AOFVPSSubs-172.111;CPS0002
3CC3808A-BBB5-4ED2-804B-F7AE8B829551;AOFVPSSubs-171.166;CPS0002
57497C4C-DFE9-41CB-AC30-F7F944204184;AOFVPSSubs-172.28;CPS0002
6405CC54-8257-4217-B890-F8341C71D85B;AOFVPSSubs-171.127;CPS0002
2BBD23BE-EC92-4FAE-8DC1-F86D179472E4;AOFVPSSubs-172.73;CPS0002
BD871514-26B7-4415-91F9-F8F2A5B136C3;AOFVPSSubs-170.219;CPS0002
C814DB95-1122-4AC8-9DE4-FBB8D5096E8A;AOFVPSSubs-169.224;CPS0002
990F68A8-1728-4FD3-B705-FC2EBE151B36;AOFVPSSubs-171.57;CPS0002
B2E03774-D8A2-40C4-A5F5-FC567E597D80;AOFVPSSubs-170.49;CPS0002
0ADE762A-3515-44B8-99D0-FDCEEEFA43F8;AOFVPSSubs-170.121;CPS0002
9FAB29C6-A94B-4EFB-B7BF-FF28FF533783;AOFVPSSubs-171.178;CPS0002